"","actor","subject","bin","n.aggXbin"
"1","BBB","BOB",0,31
"2","BBB","BOB",1,35
"3","BBB","BOB",5,5
"4","BBB","BOB",6,1
"5","BBB","BOB",7,2
"6","BBB","BOB",8,2
"7","BBB","GGG",0,3
"8","BBB","GGG",1,7
"9","BBB","GGG",4,8
"10","BBB","GGG",5,2
"11","BBB","GGG",6,2
"12","BBB","GGG",7,4
"13","BBB","GGG",8,4
"14","BBB","GGG",9,5
"15","BBB","GGG",10,6
"16","BBB","GGG",11,4
"17","BBB","GGG",12,6
"18","BBB","GGO",0,10
"19","BBB","GGO",1,9
"20","BBB","GGO",4,1
"21","BBB","GGO",5,1
"22","BBB","GGO",6,1
"23","BBB","GGO",7,9
"24","BBB","GGO",8,13
"25","BBB","GGO",9,6
"26","BBB","GGO",10,4
"27","BBB","GGO",11,10
"28","BBB","GGO",12,12
"29","BBB","GOO",0,10
"30","BBB","GOO",1,4
"31","BBB","GOO",4,1
"32","BBB","GOO",7,1
"33","BBB","GOO",9,1
"34","BBB","GOP",0,18
"35","BBB","GOP",1,12
"36","BBB","GOP",4,1
"37","BBB","GOP",5,1
"38","BBB","GOP",7,13
"39","BBB","GOP",8,12
"40","BBB","GOP",9,3
"41","BBB","GOP",10,8
"42","BBB","GOP",11,17
"43","BBB","GOP",12,14
"44","BBB","GPG",0,11
"45","BBB","GPG",1,8
"46","BBB","GPG",8,6
"47","BBB","GPG",9,11
"48","BBB","GPG",10,6
"49","BBB","GPG",11,7
"50","BBB","GPG",12,9
"51","BBB","OBB",0,5
"52","BBB","OBB",1,19
"53","BBB","OBB",4,3
"54","BBB","OBB",5,1
"55","BBB","OBB",7,1
"56","BBB","OBB",9,2
"57","BBB","OBB",11,1
"58","BBB","OGO",0,6
"59","BBB","OGO",1,10
"60","BBB","OGO",8,1
"61","BBB","OGO",9,2
"62","BBB","OOO",0,10
"63","BBB","OOO",1,13
"64","BBB","OOO",4,1
"65","BBB","OOO",5,1
"66","BBB","OOO",6,16
"67","BBB","OOO",7,17
"68","BBB","OOO",8,8
"69","BBB","OOO",9,13
"70","BBB","OOO",10,9
"71","BBB","OOO",11,11
"72","BBB","OOO",12,14
"73","BBB","OOP",0,22
"74","BBB","OOP",1,19
"75","BBB","OOP",5,5
"76","BBB","OOP",6,5
"77","BBB","OOP",7,6
"78","BBB","OOP",8,8
"79","BBB","OOP",9,7
"80","BBB","OOP",10,8
"81","BBB","OOP",11,5
"82","BBB","OOP",12,7
"83","BBB","OPP",0,54
"84","BBB","OPP",1,44
"85","BBB","OPP",4,1
"86","BBB","OPP",5,1
"87","BBB","OPP",12,29
"88","BBB","PBB",0,13
"89","BBB","PBB",1,11
"90","BBB","PBB",4,1
"91","BBB","PBB",5,3
"92","BBB","PBB",6,6
"93","BBB","PBB",7,13
"94","BBB","PBB",8,9
"95","BBB","PBB",9,13
"96","BBB","PBB",10,5
"97","BBB","PBB",11,7
"98","BBB","PBB",12,6
"99","BBB","PBO",0,7
"100","BBB","PBO",1,4
"101","BBB","PBO",4,1
"102","BBB","PBO",5,6
"103","BBB","PGG",0,27
"104","BBB","PGG",1,21
"105","BBB","PGG",4,2
"106","BBB","PGG",5,3
"107","BBB","PGG",6,7
"108","BBB","PGG",7,8
"109","BBB","PGG",8,5
"110","BBB","PGG",9,14
"111","BBB","PGG",10,6
"112","BBB","PGG",11,12
"113","BBB","PGG",12,11
"114","BBB","POO",0,5
"115","BBB","POO",1,12
"116","BBB","POO",6,246
"117","BBB","POO",7,65
"118","BBB","POO",8,64
"119","BBB","POO",9,30
"120","BBB","POO",10,29
"121","BBB","POO",11,26
"122","BBB","POO",12,44
"123","BBB","POP",0,2
"124","BBB","POP",10,1
"125","BBB","PPB",0,5
"126","BBB","PPB",1,6
"127","BBB","PPB",5,3
"128","BBB","PPB",9,2
"129","BBB","PPB",11,1
"130","BBB","PPO",0,2
"131","BBB","PPO",1,17
"132","BBB","PPO",4,1
"133","BBB","PPO",6,5
"134","BBB","PPO",7,4
"135","BBB","PPO",8,4
"136","BBB","PPO",9,3
"137","BBB","PPO",10,6
"138","BBB","PPO",11,13
"139","BBB","PPO",12,7
"140","BBB","PPP",0,12
"141","BBB","PPP",1,3
"142","BBB","PPP",6,2
"143","BBB","PPP",7,10
"144","BBB","PPP",8,8
"145","BBB","PPP",9,8
"146","BBB","PPP",10,3
"147","BBB","PPP",11,12
"148","BBB","PPP",12,12
"149","BOB","BBB",4,22
"150","BOB","BBB",5,20
"151","BOB","BBB",6,13
"152","BOB","BBB",7,10
"153","BOB","BBB",8,14
"154","BOB","BBB",9,8
"155","BOB","BBB",10,11
"156","BOB","BBB",11,9
"157","BOB","BBB",12,19
"158","BOB","GGG",0,4
"159","BOB","GGG",1,21
"160","BOB","GGG",2,19
"161","BOB","GGG",3,8
"162","BOB","GGG",4,4
"163","BOB","GGG",5,1
"164","BOB","GGG",6,3
"165","BOB","GGG",7,8
"166","BOB","GGG",8,2
"167","BOB","GGG",9,3
"168","BOB","GGG",10,1
"169","BOB","GGG",11,5
"170","BOB","GGG",12,7
"171","BOB","GGO",2,1
"172","BOB","GGO",7,1
"173","BOB","GGO",8,2
"174","BOB","GGO",9,1
"175","BOB","GGO",11,1
"176","BOB","GOO",0,9
"177","BOB","GOO",1,11
"178","BOB","GOO",3,4
"179","BOB","GOO",4,4
"180","BOB","GOO",5,3
"181","BOB","GOO",6,5
"182","BOB","GOO",7,4
"183","BOB","GOO",9,4
"184","BOB","GOO",12,11
"185","BOB","GOP",0,1
"186","BOB","GOP",3,1
"187","BOB","GOP",4,1
"188","BOB","GOP",10,1
"189","BOB","GPG",8,1
"190","BOB","GPG",12,1
"191","BOB","OGO",1,2
"192","BOB","OGO",4,1
"193","BOB","OGO",8,1
"194","BOB","OGO",9,1
"195","BOB","OGO",11,1
"196","BOB","OOO",0,35
"197","BOB","OOO",1,31
"198","BOB","OOO",2,12
"199","BOB","OOO",3,14
"200","BOB","OOO",4,15
"201","BOB","OOO",5,12
"202","BOB","OOO",6,6
"203","BOB","OOO",7,13
"204","BOB","OOO",8,8
"205","BOB","OOO",9,18
"206","BOB","OOO",10,7
"207","BOB","OOO",11,26
"208","BOB","OOO",12,16
"209","BOB","OOP",0,4
"210","BOB","OOP",1,1
"211","BOB","OOP",2,1
"212","BOB","OOP",3,3
"213","BOB","OOP",4,6
"214","BOB","OOP",5,1
"215","BOB","OOP",6,3
"216","BOB","OOP",7,1
"217","BOB","OOP",8,3
"218","BOB","OOP",9,1
"219","BOB","OOP",10,2
"220","BOB","OOP",11,1
"221","BOB","OPP",0,2
"222","BOB","OPP",12,60
"223","BOB","PBB",0,14
"224","BOB","PBB",1,22
"225","BOB","PBB",2,7
"226","BOB","PBB",3,3
"227","BOB","PBB",4,7
"228","BOB","PBB",5,4
"229","BOB","PBB",6,2
"230","BOB","PBB",7,3
"231","BOB","PBB",8,4
"232","BOB","PBB",9,15
"233","BOB","PBB",11,14
"234","BOB","PBB",12,14
"235","BOB","PBO",0,13
"236","BOB","PBO",1,10
"237","BOB","PBO",2,2
"238","BOB","PBO",3,7
"239","BOB","PBO",4,2
"240","BOB","PBO",5,1
"241","BOB","PBO",6,3
"242","BOB","PBO",9,1
"243","BOB","PBO",11,1
"244","BOB","PBO",12,14
"245","BOB","PGG",0,18
"246","BOB","PGG",1,20
"247","BOB","PGG",2,15
"248","BOB","PGG",3,13
"249","BOB","PGG",4,18
"250","BOB","PGG",5,5
"251","BOB","PGG",6,1
"252","BOB","PGG",7,8
"253","BOB","PGG",8,7
"254","BOB","PGG",9,14
"255","BOB","PGG",10,6
"256","BOB","PGG",11,18
"257","BOB","PGG",12,19
"258","BOB","POO",0,2
"259","BOB","POO",2,2
"260","BOB","POO",3,6
"261","BOB","POO",4,17
"262","BOB","POO",5,15
"263","BOB","POO",6,6
"264","BOB","POO",7,15
"265","BOB","POO",8,10
"266","BOB","POO",9,11
"267","BOB","POO",10,6
"268","BOB","POO",11,5
"269","BOB","POO",12,10
"270","BOB","POP",1,1
"271","BOB","POP",2,6
"272","BOB","POP",4,3
"273","BOB","POP",8,1
"274","BOB","PPB",0,12
"275","BOB","PPB",1,1
"276","BOB","PPB",2,1
"277","BOB","PPB",3,6
"278","BOB","PPB",4,5
"279","BOB","PPB",5,6
"280","BOB","PPB",6,6
"281","BOB","PPB",7,7
"282","BOB","PPB",8,12
"283","BOB","PPB",9,7
"284","BOB","PPB",10,5
"285","BOB","PPB",11,15
"286","BOB","PPB",12,13
"287","BOB","PPO",0,2
"288","BOB","PPO",1,10
"289","BOB","PPO",2,6
"290","BOB","PPO",3,4
"291","BOB","PPO",4,19
"292","BOB","PPO",5,2
"293","BOB","PPO",6,8
"294","BOB","PPO",7,3
"295","BOB","PPO",8,1
"296","BOB","PPO",11,7
"297","BOB","PPO",12,14
"298","BOB","PPP",0,2
"299","BOB","PPP",1,3
"300","BOB","PPP",3,1
"301","BOB","PPP",4,3
"302","BOB","PPP",6,1
"303","GGG","BBB",4,1
"304","GGG","BBB",5,1
"305","GGG","BBB",6,3
"306","GGG","BBB",9,2
"307","GGG","BOB",2,1
"308","GGG","BOB",3,1
"309","GGG","BOB",4,2
"310","GGG","BOB",5,10
"311","GGG","BOB",6,8
"312","GGG","BOB",7,6
"313","GGG","BOB",8,3
"314","GGG","BOB",9,7
"315","GGG","BOB",10,5
"316","GGG","GGO",6,2
"317","GGG","GGO",9,1
"318","GGG","GOO",0,2
"319","GGG","GOP",6,3
"320","GGG","GOP",10,1
"321","GGG","GPG",8,1
"322","GGG","OBB",8,1
"323","GGG","OBB",9,1
"324","GGG","OGO",12,1
"325","GGG","OOO",5,2
"326","GGG","OOO",6,1
"327","GGG","OOO",9,1
"328","GGG","OOO",10,1
"329","GGG","OOP",2,7
"330","GGG","OOP",3,2
"331","GGG","OOP",4,14
"332","GGG","OOP",5,12
"333","GGG","OOP",6,13
"334","GGG","OOP",7,4
"335","GGG","OOP",8,6
"336","GGG","OOP",9,2
"337","GGG","OOP",10,1
"338","GGG","OOP",11,1
"339","GGG","OOP",12,2
"340","GGG","OPP",0,1
"341","GGG","OPP",8,1
"342","GGG","OPP",9,1
"343","GGG","OPP",12,6
"344","GGG","PBB",6,1
"345","GGG","PBB",11,3
"346","GGG","PGG",0,3
"347","GGG","PGG",1,1
"348","GGG","PGG",2,1
"349","GGG","POO",9,1
"350","GGG","POO",10,1
"351","GGG","POO",11,1
"352","GGG","POP",7,1
"353","GGG","PPB",6,1
"354","GGG","PPB",11,2
"355","GGG","PPO",4,3
"356","GGG","PPO",12,3
"357","GGG","PPP",1,1
"358","GGG","PPP",2,2
"359","GGG","PPP",5,9
"360","GGG","PPP",6,2
"361","GGG","PPP",7,1
"362","GGG","PPP",8,1
"363","GGG","PPP",9,1
"364","GGG","PPP",10,5
"365","GGG","PPP",11,1
"366","GGG","PPP",12,1
"367","GGO","BBB",4,20
"368","GGO","BBB",5,7
"369","GGO","BBB",6,105
"370","GGO","BBB",7,1
"371","GGO","BBB",9,1
"372","GGO","BOB",0,10
"373","GGO","BOB",1,9
"374","GGO","BOB",2,4
"375","GGO","BOB",3,18
"376","GGO","BOB",4,10
"377","GGO","BOB",5,19
"378","GGO","BOB",6,24
"379","GGO","BOB",7,14
"380","GGO","BOB",8,3
"381","GGO","BOB",9,5
"382","GGO","BOB",10,11
"383","GGO","BOB",11,15
"384","GGO","BOB",12,10
"385","GGO","GGG",0,2
"386","GGO","GGG",1,5
"387","GGO","GGG",2,3
"388","GGO","GGG",3,3
"389","GGO","GGG",4,2
"390","GGO","GGG",5,6
"391","GGO","GGG",6,7
"392","GGO","GGG",7,2
"393","GGO","GGG",8,2
"394","GGO","GGG",9,3
"395","GGO","GGG",10,3
"396","GGO","GGG",11,2
"397","GGO","GOO",0,2
"398","GGO","GOO",1,4
"399","GGO","GOO",2,2
"400","GGO","GOO",3,5
"401","GGO","GOO",4,2
"402","GGO","GOO",5,1
"403","GGO","GOO",6,5
"404","GGO","GOO",7,7
"405","GGO","GOO",9,6
"406","GGO","GOO",10,1
"407","GGO","GOO",11,4
"408","GGO","GOP",0,2
"409","GGO","GOP",1,2
"410","GGO","GOP",2,2
"411","GGO","GOP",3,3
"412","GGO","GOP",4,7
"413","GGO","GOP",5,1
"414","GGO","GOP",6,4
"415","GGO","GOP",9,1
"416","GGO","GOP",11,6
"417","GGO","GOP",12,1
"418","GGO","OBB",0,2
"419","GGO","OBB",1,6
"420","GGO","OBB",2,4
"421","GGO","OBB",3,5
"422","GGO","OBB",4,4
"423","GGO","OBB",5,2
"424","GGO","OBB",6,20
"425","GGO","OBB",8,4
"426","GGO","OBB",9,9
"427","GGO","OBB",10,2
"428","GGO","OBB",11,10
"429","GGO","OBB",12,5
"430","GGO","OGO",0,8
"431","GGO","OGO",1,3
"432","GGO","OGO",2,5
"433","GGO","OGO",3,6
"434","GGO","OGO",4,2
"435","GGO","OGO",6,22
"436","GGO","OGO",7,6
"437","GGO","OGO",8,6
"438","GGO","OGO",9,12
"439","GGO","OGO",11,9
"440","GGO","OGO",12,6
"441","GGO","OOO",4,2
"442","GGO","OOO",6,1
"443","GGO","OOP",0,4
"444","GGO","OOP",1,4
"445","GGO","OOP",5,1
"446","GGO","OOP",6,1
"447","GGO","OOP",11,1
"448","GGO","OOP",12,2
"449","GGO","OPP",0,2
"450","GGO","OPP",1,4
"451","GGO","OPP",2,5
"452","GGO","OPP",3,9
"453","GGO","OPP",4,5
"454","GGO","OPP",5,6
"455","GGO","OPP",6,5
"456","GGO","OPP",7,8
"457","GGO","OPP",12,11
"458","GGO","PBB",0,1
"459","GGO","PBB",4,1
"460","GGO","PBB",6,1
"461","GGO","PBB",11,1
"462","GGO","PBO",0,5
"463","GGO","PBO",1,4
"464","GGO","PBO",2,4
"465","GGO","PBO",3,4
"466","GGO","PBO",4,4
"467","GGO","PBO",5,3
"468","GGO","PBO",6,6
"469","GGO","PBO",7,1
"470","GGO","PBO",8,1
"471","GGO","PBO",9,2
"472","GGO","PBO",10,1
"473","GGO","PBO",11,8
"474","GGO","PBO",12,3
"475","GGO","PGG",0,7
"476","GGO","PGG",1,16
"477","GGO","PGG",2,18
"478","GGO","PGG",3,12
"479","GGO","PGG",4,5
"480","GGO","PGG",5,6
"481","GGO","PGG",6,19
"482","GGO","PGG",7,5
"483","GGO","PGG",9,7
"484","GGO","PGG",11,3
"485","GGO","PGG",12,3
"486","GGO","POO",0,6
"487","GGO","POO",1,5
"488","GGO","POO",2,6
"489","GGO","POO",3,3
"490","GGO","POO",4,5
"491","GGO","POO",5,3
"492","GGO","POO",6,17
"493","GGO","POO",7,4
"494","GGO","POO",11,11
"495","GGO","POO",12,2
"496","GGO","POP",2,1
"497","GGO","POP",3,19
"498","GGO","POP",4,3
"499","GGO","POP",5,17
"500","GGO","POP",6,15
"501","GGO","POP",7,10
"502","GGO","POP",9,2
"503","GGO","POP",10,3
"504","GGO","POP",11,11
"505","GGO","POP",12,11
"506","GGO","PPB",0,3
"507","GGO","PPB",1,5
"508","GGO","PPB",2,4
"509","GGO","PPB",3,5
"510","GGO","PPB",4,2
"511","GGO","PPB",5,4
"512","GGO","PPB",6,121
"513","GGO","PPB",7,1
"514","GGO","PPB",8,1
"515","GGO","PPB",11,10
"516","GGO","PPB",12,4
"517","GGO","PPO",0,7
"518","GGO","PPO",1,7
"519","GGO","PPO",2,4
"520","GGO","PPO",3,5
"521","GGO","PPO",4,5
"522","GGO","PPO",6,3
"523","GGO","PPO",7,5
"524","GGO","PPO",8,1
"525","GGO","PPO",9,4
"526","GGO","PPO",11,11
"527","GGO","PPO",12,4
"528","GGO","PPP",0,3
"529","GGO","PPP",1,2
"530","GGO","PPP",2,2
"531","GGO","PPP",3,5
"532","GGO","PPP",5,1
"533","GGO","PPP",6,2
"534","GGO","PPP",7,4
"535","GGO","PPP",8,1
"536","GGO","PPP",10,1
"537","GGO","PPP",11,2
"538","GGO","PPP",12,6
"539","GOO","BBB",4,26
"540","GOO","BBB",5,13
"541","GOO","BBB",6,28
"542","GOO","BBB",7,44
"543","GOO","BBB",8,16
"544","GOO","BBB",9,21
"545","GOO","BBB",10,18
"546","GOO","BBB",11,29
"547","GOO","BBB",12,22
"548","GOO","BOB",0,1
"549","GOO","BOB",2,10
"550","GOO","BOB",3,7
"551","GOO","BOB",4,11
"552","GOO","BOB",5,15
"553","GOO","BOB",6,10
"554","GOO","BOB",7,4
"555","GOO","BOB",8,1
"556","GOO","BOB",9,4
"557","GOO","BOB",10,13
"558","GOO","BOB",11,17
"559","GOO","BOB",12,8
"560","GOO","GGG",0,1
"561","GOO","GGG",1,2
"562","GOO","GGG",2,1
"563","GOO","GGG",3,4
"564","GOO","GGG",4,2
"565","GOO","GGG",5,1
"566","GOO","GGG",6,1
"567","GOO","GGG",7,1
"568","GOO","GGG",8,1
"569","GOO","GGG",9,2
"570","GOO","GGG",10,1
"571","GOO","GGG",11,3
"572","GOO","GGG",12,1
"573","GOO","GGO",2,1
"574","GOO","GGO",4,1
"575","GOO","GGO",10,1
"576","GOO","GOP",0,51
"577","GOO","GOP",1,32
"578","GOO","GOP",2,14
"579","GOO","GOP",3,37
"580","GOO","GOP",4,41
"581","GOO","GOP",5,18
"582","GOO","GOP",6,16
"583","GOO","GOP",7,24
"584","GOO","GOP",8,9
"585","GOO","GOP",9,15
"586","GOO","GOP",10,8
"587","GOO","GOP",11,25
"588","GOO","GOP",12,18
"589","GOO","GPG",9,1
"590","GOO","OBB",0,12
"591","GOO","OBB",1,8
"592","GOO","OBB",2,9
"593","GOO","OBB",3,4
"594","GOO","OBB",4,16
"595","GOO","OBB",5,5
"596","GOO","OBB",6,19
"597","GOO","OBB",7,29
"598","GOO","OBB",8,8
"599","GOO","OBB",9,16
"600","GOO","OBB",10,10
"601","GOO","OBB",11,8
"602","GOO","OBB",12,28
"603","GOO","OGO",0,4
"604","GOO","OGO",1,7
"605","GOO","OGO",2,6
"606","GOO","OGO",3,2
"607","GOO","OGO",4,4
"608","GOO","OGO",5,7
"609","GOO","OGO",6,13
"610","GOO","OGO",7,12
"611","GOO","OGO",8,11
"612","GOO","OGO",9,19
"613","GOO","OGO",10,13
"614","GOO","OGO",11,18
"615","GOO","OGO",12,32
"616","GOO","OOO",0,1
"617","GOO","OOO",1,1
"618","GOO","OOO",3,1
"619","GOO","OOO",4,1
"620","GOO","OOO",7,1
"621","GOO","OOO",11,2
"622","GOO","OOP",0,1
"623","GOO","OOP",4,2
"624","GOO","OOP",5,1
"625","GOO","OOP",9,1
"626","GOO","OPP",0,1
"627","GOO","OPP",7,1
"628","GOO","OPP",12,4
"629","GOO","PBB",2,1
"630","GOO","PBB",4,1
"631","GOO","PBB",7,2
"632","GOO","PBO",1,1
"633","GOO","PBO",2,2
"634","GOO","PBO",3,1
"635","GOO","PBO",9,1
"636","GOO","PBO",12,1
"637","GOO","PGG",0,4
"638","GOO","PGG",1,21
"639","GOO","PGG",2,12
"640","GOO","PGG",3,9
"641","GOO","PGG",4,5
"642","GOO","PGG",5,7
"643","GOO","PGG",6,6
"644","GOO","PGG",7,13
"645","GOO","PGG",9,3
"646","GOO","PGG",10,2
"647","GOO","PGG",11,13
"648","GOO","PGG",12,3
"649","GOO","POO",0,8
"650","GOO","POO",1,7
"651","GOO","POO",2,5
"652","GOO","POO",3,3
"653","GOO","POO",4,7
"654","GOO","POO",5,4
"655","GOO","POO",6,14
"656","GOO","POO",7,11
"657","GOO","POO",8,2
"658","GOO","POO",9,9
"659","GOO","POO",10,2
"660","GOO","POO",11,15
"661","GOO","POO",12,8
"662","GOO","POP",3,2
"663","GOO","POP",6,1
"664","GOO","PPB",0,5
"665","GOO","PPB",1,8
"666","GOO","PPB",2,11
"667","GOO","PPB",3,10
"668","GOO","PPB",4,4
"669","GOO","PPB",5,2
"670","GOO","PPB",6,18
"671","GOO","PPB",7,33
"672","GOO","PPB",8,14
"673","GOO","PPB",9,20
"674","GOO","PPB",10,12
"675","GOO","PPB",11,23
"676","GOO","PPB",12,14
"677","GOO","PPO",0,1
"678","GOO","PPO",1,8
"679","GOO","PPO",2,4
"680","GOO","PPO",3,3
"681","GOO","PPO",4,4
"682","GOO","PPO",5,5
"683","GOO","PPO",6,3
"684","GOO","PPO",7,1
"685","GOO","PPO",8,1
"686","GOO","PPO",9,1
"687","GOO","PPO",10,3
"688","GOO","PPO",11,7
"689","GOO","PPO",12,3
"690","GOO","PPP",0,34
"691","GOO","PPP",1,29
"692","GOO","PPP",2,16
"693","GOO","PPP",3,21
"694","GOO","PPP",4,23
"695","GOO","PPP",5,13
"696","GOO","PPP",6,9
"697","GOO","PPP",7,16
"698","GOO","PPP",8,8
"699","GOO","PPP",9,3
"700","GOO","PPP",10,7
"701","GOO","PPP",11,30
"702","GOO","PPP",12,11
"703","GOP","BBB",4,11
"704","GOP","BBB",5,6
"705","GOP","BBB",6,6
"706","GOP","BBB",7,1
"707","GOP","BBB",10,1
"708","GOP","BBB",11,1
"709","GOP","BBB",12,1
"710","GOP","BOB",0,21
"711","GOP","BOB",1,28
"712","GOP","BOB",2,4
"713","GOP","BOB",3,13
"714","GOP","BOB",4,12
"715","GOP","BOB",5,3
"716","GOP","BOB",6,1
"717","GOP","BOB",7,6
"718","GOP","BOB",8,5
"719","GOP","BOB",10,1
"720","GOP","BOB",11,12
"721","GOP","BOB",12,26
"722","GOP","GGG",0,6
"723","GOP","GGG",1,6
"724","GOP","GGG",2,4
"725","GOP","GGG",3,11
"726","GOP","GGG",4,5
"727","GOP","GGG",5,5
"728","GOP","GGG",6,1
"729","GOP","GGG",7,5
"730","GOP","GGG",8,2
"731","GOP","GGG",9,3
"732","GOP","GGG",10,1
"733","GOP","GGG",11,5
"734","GOP","GGG",12,1
"735","GOP","GGO",1,2
"736","GOP","GGO",9,1
"737","GOP","GOO",0,2
"738","GOP","GOO",1,1
"739","GOP","GOO",8,1
"740","GOP","GOO",9,1
"741","GOP","GOO",11,1
"742","GOP","GPG",4,1
"743","GOP","GPG",9,1
"744","GOP","OBB",0,21
"745","GOP","OBB",1,15
"746","GOP","OBB",2,19
"747","GOP","OBB",3,35
"748","GOP","OBB",4,20
"749","GOP","OBB",5,14
"750","GOP","OBB",6,3
"751","GOP","OBB",7,12
"752","GOP","OBB",8,24
"753","GOP","OBB",9,2
"754","GOP","OBB",10,4
"755","GOP","OBB",11,15
"756","GOP","OBB",12,9
"757","GOP","OGO",0,13
"758","GOP","OGO",1,12
"759","GOP","OGO",2,3
"760","GOP","OGO",3,12
"761","GOP","OGO",4,14
"762","GOP","OGO",5,3
"763","GOP","OGO",6,4
"764","GOP","OGO",7,10
"765","GOP","OGO",8,12
"766","GOP","OGO",9,4
"767","GOP","OGO",11,13
"768","GOP","OGO",12,5
"769","GOP","OOO",0,2
"770","GOP","OOO",7,1
"771","GOP","OOP",0,3
"772","GOP","OOP",1,3
"773","GOP","OOP",4,2
"774","GOP","OOP",5,3
"775","GOP","OOP",7,1
"776","GOP","OOP",11,1
"777","GOP","OPP",1,1
"778","GOP","OPP",12,7
"779","GOP","PBB",1,1
"780","GOP","PBB",3,1
"781","GOP","PBB",6,1
"782","GOP","PBB",11,1
"783","GOP","PBO",5,1
"784","GOP","PGG",0,9
"785","GOP","PGG",1,10
"786","GOP","PGG",2,7
"787","GOP","PGG",3,25
"788","GOP","PGG",4,6
"789","GOP","PGG",5,11
"790","GOP","PGG",6,5
"791","GOP","PGG",7,6
"792","GOP","PGG",8,4
"793","GOP","PGG",10,3
"794","GOP","PGG",11,8
"795","GOP","PGG",12,6
"796","GOP","POO",0,2
"797","GOP","POO",1,1
"798","GOP","POO",3,2
"799","GOP","POO",7,2
"800","GOP","POO",12,1
"801","GOP","POP",0,30
"802","GOP","POP",1,4
"803","GOP","POP",2,1
"804","GOP","POP",3,14
"805","GOP","POP",4,13
"806","GOP","POP",5,10
"807","GOP","POP",6,1
"808","GOP","POP",7,7
"809","GOP","POP",8,2
"810","GOP","POP",9,2
"811","GOP","POP",10,4
"812","GOP","POP",11,3
"813","GOP","POP",12,16
"814","GOP","PPB",0,2
"815","GOP","PPB",1,2
"816","GOP","PPB",4,1
"817","GOP","PPB",5,1
"818","GOP","PPB",10,1
"819","GOP","PPB",11,3
"820","GOP","PPO",0,9
"821","GOP","PPO",1,5
"822","GOP","PPO",2,4
"823","GOP","PPO",3,22
"824","GOP","PPO",4,14
"825","GOP","PPO",5,5
"826","GOP","PPO",6,2
"827","GOP","PPO",7,7
"828","GOP","PPO",9,4
"829","GOP","PPO",10,4
"830","GOP","PPO",11,5
"831","GOP","PPP",1,1
"832","GOP","PPP",2,1
"833","GOP","PPP",3,1
"834","GPG","BBB",4,66
"835","GPG","BBB",5,35
"836","GPG","BBB",8,3
"837","GPG","BBB",9,2
"838","GPG","BBB",11,1
"839","GPG","BBB",12,1
"840","GPG","BOB",0,22
"841","GPG","BOB",1,32
"842","GPG","BOB",2,25
"843","GPG","BOB",3,25
"844","GPG","BOB",4,41
"845","GPG","BOB",5,39
"846","GPG","BOB",8,8
"847","GPG","BOB",9,30
"848","GPG","BOB",10,14
"849","GPG","BOB",11,56
"850","GPG","BOB",12,38
"851","GPG","GGG",0,6
"852","GPG","GGG",1,11
"853","GPG","GGG",2,7
"854","GPG","GGG",3,7
"855","GPG","GGG",4,7
"856","GPG","GGG",5,1
"857","GPG","GGG",8,5
"858","GPG","GGG",9,5
"859","GPG","GGG",10,6
"860","GPG","GGG",11,6
"861","GPG","GGG",12,7
"862","GPG","GGO",1,1
"863","GPG","GGO",8,2
"864","GPG","GGO",9,2
"865","GPG","GGO",10,1
"866","GPG","GGO",11,3
"867","GPG","GOO",0,18
"868","GPG","GOO",1,12
"869","GPG","GOO",2,20
"870","GPG","GOO",3,12
"871","GPG","GOO",4,22
"872","GPG","GOO",5,24
"873","GPG","GOO",8,19
"874","GPG","GOO",9,26
"875","GPG","GOO",10,6
"876","GPG","GOO",11,20
"877","GPG","GOO",12,15
"878","GPG","GOP",0,12
"879","GPG","GOP",1,13
"880","GPG","GOP",2,7
"881","GPG","GOP",3,15
"882","GPG","GOP",4,22
"883","GPG","GOP",5,18
"884","GPG","GOP",8,12
"885","GPG","GOP",9,7
"886","GPG","GOP",10,2
"887","GPG","GOP",11,16
"888","GPG","GOP",12,15
"889","GPG","OBB",0,26
"890","GPG","OBB",1,23
"891","GPG","OBB",2,16
"892","GPG","OBB",3,13
"893","GPG","OBB",4,27
"894","GPG","OBB",5,16
"895","GPG","OBB",8,37
"896","GPG","OBB",9,27
"897","GPG","OBB",10,9
"898","GPG","OBB",11,29
"899","GPG","OBB",12,17
"900","GPG","OGO",0,16
"901","GPG","OGO",1,12
"902","GPG","OGO",2,14
"903","GPG","OGO",3,14
"904","GPG","OGO",4,21
"905","GPG","OGO",5,10
"906","GPG","OGO",8,26
"907","GPG","OGO",9,23
"908","GPG","OGO",10,7
"909","GPG","OGO",11,35
"910","GPG","OGO",12,15
"911","GPG","OOO",0,1
"912","GPG","OOO",2,3
"913","GPG","OOO",9,1
"914","GPG","OOP",0,3
"915","GPG","OOP",1,2
"916","GPG","OOP",3,1
"917","GPG","OOP",4,2
"918","GPG","OOP",5,2
"919","GPG","OOP",8,1
"920","GPG","OOP",9,3
"921","GPG","OPP",0,8
"922","GPG","OPP",1,12
"923","GPG","OPP",2,25
"924","GPG","OPP",3,23
"925","GPG","OPP",4,39
"926","GPG","OPP",5,26
"927","GPG","OPP",8,3
"928","GPG","OPP",12,22
"929","GPG","PBB",0,1
"930","GPG","PBB",1,1
"931","GPG","PBB",2,1
"932","GPG","PBB",3,2
"933","GPG","PBB",4,1
"934","GPG","PBB",11,1
"935","GPG","PBO",0,14
"936","GPG","PBO",1,8
"937","GPG","PBO",2,8
"938","GPG","PBO",3,9
"939","GPG","PBO",4,19
"940","GPG","PBO",5,7
"941","GPG","PBO",8,26
"942","GPG","PBO",9,20
"943","GPG","PBO",10,4
"944","GPG","PBO",11,25
"945","GPG","PBO",12,12
"946","GPG","PGG",0,29
"947","GPG","PGG",1,28
"948","GPG","PGG",2,21
"949","GPG","PGG",3,21
"950","GPG","PGG",4,14
"951","GPG","PGG",5,24
"952","GPG","PGG",8,17
"953","GPG","PGG",9,9
"954","GPG","PGG",10,4
"955","GPG","PGG",11,17
"956","GPG","PGG",12,17
"957","GPG","POO",0,10
"958","GPG","POO",1,17
"959","GPG","POO",2,12
"960","GPG","POO",3,11
"961","GPG","POO",4,16
"962","GPG","POO",5,8
"963","GPG","POO",8,1
"964","GPG","POO",9,18
"965","GPG","POO",10,9
"966","GPG","POO",11,27
"967","GPG","POO",12,10
"968","GPG","POP",2,33
"969","GPG","POP",3,38
"970","GPG","POP",4,43
"971","GPG","POP",5,27
"972","GPG","POP",8,2
"973","GPG","POP",9,6
"974","GPG","POP",10,12
"975","GPG","POP",11,34
"976","GPG","POP",12,14
"977","GPG","PPB",0,4
"978","GPG","PPB",1,20
"979","GPG","PPB",2,10
"980","GPG","PPB",3,6
"981","GPG","PPB",4,16
"982","GPG","PPB",5,2
"983","GPG","PPB",8,4
"984","GPG","PPB",9,2
"985","GPG","PPB",10,7
"986","GPG","PPB",11,39
"987","GPG","PPB",12,10
"988","GPG","PPO",0,12
"989","GPG","PPO",1,22
"990","GPG","PPO",2,15
"991","GPG","PPO",3,7
"992","GPG","PPO",4,11
"993","GPG","PPO",5,17
"994","GPG","PPO",8,6
"995","GPG","PPO",9,7
"996","GPG","PPO",10,8
"997","GPG","PPO",11,7
"998","GPG","PPO",12,6
"999","GPG","PPP",0,7
"1000","GPG","PPP",1,8
"1001","GPG","PPP",2,10
"1002","GPG","PPP",3,12
"1003","GPG","PPP",4,15
"1004","GPG","PPP",5,10
"1005","GPG","PPP",8,7
"1006","GPG","PPP",9,6
"1007","GPG","PPP",10,7
"1008","GPG","PPP",11,18
"1009","GPG","PPP",12,12
"1010","OBB","BBB",4,49
"1011","OBB","BBB",5,13
"1012","OBB","BBB",6,27
"1013","OBB","BBB",7,6
"1014","OBB","BBB",8,12
"1015","OBB","BBB",9,28
"1016","OBB","BBB",10,4
"1017","OBB","BBB",11,16
"1018","OBB","BBB",12,9
"1019","OBB","BOB",0,4
"1020","OBB","BOB",1,11
"1021","OBB","BOB",2,11
"1022","OBB","BOB",3,9
"1023","OBB","BOB",4,4
"1024","OBB","BOB",5,6
"1025","OBB","BOB",6,6
"1026","OBB","BOB",7,6
"1027","OBB","BOB",8,7
"1028","OBB","BOB",9,1
"1029","OBB","BOB",10,6
"1030","OBB","BOB",11,7
"1031","OBB","BOB",12,7
"1032","OBB","GGG",0,2
"1033","OBB","GGG",1,2
"1034","OBB","GGG",2,1
"1035","OBB","GGG",3,10
"1036","OBB","GGG",4,2
"1037","OBB","GGG",5,3
"1038","OBB","GGG",6,4
"1039","OBB","GGG",7,3
"1040","OBB","GGG",8,2
"1041","OBB","GGG",9,1
"1042","OBB","GGG",10,1
"1043","OBB","GGG",11,3
"1044","OBB","GGG",12,2
"1045","OBB","GGO",0,3
"1046","OBB","GGO",2,1
"1047","OBB","GGO",6,2
"1048","OBB","GGO",7,3
"1049","OBB","GGO",8,1
"1050","OBB","GGO",11,2
"1051","OBB","GOO",2,1
"1052","OBB","GOO",3,2
"1053","OBB","GOO",4,1
"1054","OBB","GOO",5,1
"1055","OBB","GOO",6,1
"1056","OBB","GOO",10,1
"1057","OBB","GOO",11,1
"1058","OBB","GOO",12,2
"1059","OBB","GOP",2,4
"1060","OBB","GOP",3,2
"1061","OBB","GOP",4,1
"1062","OBB","GOP",7,1
"1063","OBB","GOP",10,1
"1064","OBB","GOP",11,1
"1065","OBB","GOP",12,1
"1066","OBB","GPG",5,1
"1067","OBB","GPG",8,3
"1068","OBB","GPG",9,2
"1069","OBB","GPG",12,2
"1070","OBB","OGO",4,1
"1071","OBB","OOO",0,12
"1072","OBB","OOO",1,10
"1073","OBB","OOO",2,10
"1074","OBB","OOO",3,11
"1075","OBB","OOO",4,15
"1076","OBB","OOO",5,12
"1077","OBB","OOO",6,12
"1078","OBB","OOO",7,16
"1079","OBB","OOO",8,22
"1080","OBB","OOO",9,18
"1081","OBB","OOO",10,5
"1082","OBB","OOO",11,11
"1083","OBB","OOO",12,9
"1084","OBB","OOP",2,3
"1085","OBB","OOP",3,4
"1086","OBB","OOP",4,10
"1087","OBB","OOP",5,4
"1088","OBB","OOP",6,7
"1089","OBB","OOP",7,46
"1090","OBB","OOP",8,8
"1091","OBB","OOP",9,3
"1092","OBB","OOP",11,2
"1093","OBB","OOP",12,4
"1094","OBB","OPP",0,3
"1095","OBB","OPP",1,6
"1096","OBB","OPP",2,8
"1097","OBB","OPP",3,11
"1098","OBB","OPP",4,4
"1099","OBB","OPP",5,6
"1100","OBB","OPP",6,3
"1101","OBB","OPP",7,4
"1102","OBB","OPP",8,5
"1103","OBB","OPP",9,3
"1104","OBB","OPP",12,9
"1105","OBB","PBB",0,11
"1106","OBB","PBB",1,2
"1107","OBB","PBB",2,9
"1108","OBB","PBB",3,8
"1109","OBB","PBB",4,9
"1110","OBB","PBB",5,2
"1111","OBB","PBB",6,3
"1112","OBB","PBB",8,8
"1113","OBB","PBB",9,2
"1114","OBB","PBB",10,1
"1115","OBB","PBB",11,9
"1116","OBB","PBB",12,8
"1117","OBB","PBO",4,1
"1118","OBB","PBO",7,1
"1119","OBB","PBO",11,1
"1120","OBB","PBO",12,1
"1121","OBB","PGG",0,17
"1122","OBB","PGG",1,10
"1123","OBB","PGG",2,5
"1124","OBB","PGG",3,5
"1125","OBB","PGG",4,11
"1126","OBB","PGG",5,2
"1127","OBB","PGG",6,8
"1128","OBB","PGG",7,1
"1129","OBB","PGG",9,2
"1130","OBB","PGG",10,1
"1131","OBB","PGG",11,12
"1132","OBB","PGG",12,2
"1133","OBB","POO",0,7
"1134","OBB","POO",1,10
"1135","OBB","POO",2,16
"1136","OBB","POO",3,14
"1137","OBB","POO",4,54
"1138","OBB","POO",5,8
"1139","OBB","POO",6,10
"1140","OBB","POO",7,2
"1141","OBB","POO",8,2
"1142","OBB","POO",9,10
"1143","OBB","POO",10,2
"1144","OBB","POO",11,7
"1145","OBB","POO",12,2
"1146","OBB","POP",1,1
"1147","OBB","POP",2,16
"1148","OBB","POP",3,8
"1149","OBB","POP",4,6
"1150","OBB","POP",5,4
"1151","OBB","POP",6,4
"1152","OBB","POP",7,3
"1153","OBB","POP",8,3
"1154","OBB","POP",9,2
"1155","OBB","POP",10,8
"1156","OBB","POP",11,8
"1157","OBB","POP",12,7
"1158","OBB","PPB",0,6
"1159","OBB","PPB",1,3
"1160","OBB","PPB",2,5
"1161","OBB","PPB",3,8
"1162","OBB","PPB",4,8
"1163","OBB","PPB",5,5
"1164","OBB","PPB",6,11
"1165","OBB","PPB",7,6
"1166","OBB","PPB",8,5
"1167","OBB","PPB",9,10
"1168","OBB","PPB",10,4
"1169","OBB","PPB",11,7
"1170","OBB","PPB",12,5
"1171","OBB","PPO",0,1
"1172","OBB","PPO",1,5
"1173","OBB","PPO",2,3
"1174","OBB","PPO",3,9
"1175","OBB","PPO",4,14
"1176","OBB","PPO",5,2
"1177","OBB","PPO",6,3
"1178","OBB","PPO",7,3
"1179","OBB","PPO",8,2
"1180","OBB","PPO",9,2
"1181","OBB","PPO",10,9
"1182","OBB","PPO",11,6
"1183","OBB","PPO",12,4
"1184","OBB","PPP",0,2
"1185","OBB","PPP",1,2
"1186","OBB","PPP",2,2
"1187","OBB","PPP",3,1
"1188","OBB","PPP",7,5
"1189","OBB","PPP",9,4
"1190","OBB","PPP",10,2
"1191","OBB","PPP",11,2
"1192","OGO","BBB",4,14
"1193","OGO","BBB",5,7
"1194","OGO","BBB",6,32
"1195","OGO","BBB",7,18
"1196","OGO","BBB",8,10
"1197","OGO","BBB",9,10
"1198","OGO","BBB",10,4
"1199","OGO","BBB",11,19
"1200","OGO","BBB",12,8
"1201","OGO","BOB",0,4
"1202","OGO","BOB",1,19
"1203","OGO","BOB",2,14
"1204","OGO","BOB",3,7
"1205","OGO","BOB",4,10
"1206","OGO","BOB",5,12
"1207","OGO","BOB",6,11
"1208","OGO","BOB",7,13
"1209","OGO","BOB",8,2
"1210","OGO","BOB",9,5
"1211","OGO","BOB",10,5
"1212","OGO","BOB",11,12
"1213","OGO","BOB",12,4
"1214","OGO","GGG",0,4
"1215","OGO","GGG",1,9
"1216","OGO","GGG",2,2
"1217","OGO","GGG",3,5
"1218","OGO","GGG",4,4
"1219","OGO","GGG",5,4
"1220","OGO","GGG",6,7
"1221","OGO","GGG",7,3
"1222","OGO","GGG",8,3
"1223","OGO","GGG",9,1
"1224","OGO","GGG",10,3
"1225","OGO","GGG",11,6
"1226","OGO","GGG",12,4
"1227","OGO","GGO",1,1
"1228","OGO","GGO",6,1
"1229","OGO","GGO",7,46
"1230","OGO","GOO",1,1
"1231","OGO","GOO",3,1
"1232","OGO","GOO",4,1
"1233","OGO","GOO",5,2
"1234","OGO","GOO",6,3
"1235","OGO","GOO",7,1
"1236","OGO","GOO",11,1
"1237","OGO","GOO",12,3
"1238","OGO","GOP",3,1
"1239","OGO","GOP",4,2
"1240","OGO","GOP",6,2
"1241","OGO","GOP",7,3
"1242","OGO","GOP",9,2
"1243","OGO","GOP",10,1
"1244","OGO","GPG",1,1
"1245","OGO","GPG",8,4
"1246","OGO","OBB",11,3
"1247","OGO","OOO",0,7
"1248","OGO","OOO",1,12
"1249","OGO","OOO",2,18
"1250","OGO","OOO",3,13
"1251","OGO","OOO",4,22
"1252","OGO","OOO",5,10
"1253","OGO","OOO",6,19
"1254","OGO","OOO",7,1
"1255","OGO","OOO",8,6
"1256","OGO","OOO",9,7
"1257","OGO","OOO",10,2
"1258","OGO","OOO",11,19
"1259","OGO","OOO",12,5
"1260","OGO","OOP",2,1
"1261","OGO","OOP",3,1
"1262","OGO","OOP",4,11
"1263","OGO","OOP",5,5
"1264","OGO","OOP",6,20
"1265","OGO","OOP",7,38
"1266","OGO","OOP",8,4
"1267","OGO","OOP",9,5
"1268","OGO","OOP",10,1
"1269","OGO","OOP",11,4
"1270","OGO","OOP",12,1
"1271","OGO","OPP",0,1
"1272","OGO","OPP",1,5
"1273","OGO","OPP",2,8
"1274","OGO","OPP",3,4
"1275","OGO","OPP",4,10
"1276","OGO","OPP",5,4
"1277","OGO","OPP",6,6
"1278","OGO","OPP",7,6
"1279","OGO","OPP",8,6
"1280","OGO","OPP",12,4
"1281","OGO","PBB",0,10
"1282","OGO","PBB",1,10
"1283","OGO","PBB",2,12
"1284","OGO","PBB",3,13
"1285","OGO","PBB",4,18
"1286","OGO","PBB",5,7
"1287","OGO","PBB",6,9
"1288","OGO","PBB",7,1
"1289","OGO","PBB",8,6
"1290","OGO","PBB",10,2
"1291","OGO","PBB",11,11
"1292","OGO","PBB",12,5
"1293","OGO","PBO",0,1
"1294","OGO","PBO",2,2
"1295","OGO","PBO",3,1
"1296","OGO","PBO",4,2
"1297","OGO","PBO",6,1
"1298","OGO","PBO",7,1
"1299","OGO","PBO",11,1
"1300","OGO","PBO",12,1
"1301","OGO","PGG",0,10
"1302","OGO","PGG",1,15
"1303","OGO","PGG",2,17
"1304","OGO","PGG",3,11
"1305","OGO","PGG",4,10
"1306","OGO","PGG",5,12
"1307","OGO","PGG",6,16
"1308","OGO","PGG",7,6
"1309","OGO","PGG",8,4
"1310","OGO","PGG",9,7
"1311","OGO","PGG",10,6
"1312","OGO","PGG",11,10
"1313","OGO","PGG",12,6
"1314","OGO","POO",0,5
"1315","OGO","POO",1,12
"1316","OGO","POO",2,22
"1317","OGO","POO",3,9
"1318","OGO","POO",4,21
"1319","OGO","POO",5,7
"1320","OGO","POO",6,17
"1321","OGO","POO",7,16
"1322","OGO","POO",8,4
"1323","OGO","POO",9,10
"1324","OGO","POO",10,3
"1325","OGO","POO",11,17
"1326","OGO","POO",12,8
"1327","OGO","POP",1,1
"1328","OGO","POP",2,20
"1329","OGO","POP",3,7
"1330","OGO","POP",4,10
"1331","OGO","POP",5,4
"1332","OGO","POP",6,9
"1333","OGO","POP",7,5
"1334","OGO","POP",8,6
"1335","OGO","POP",9,4
"1336","OGO","POP",10,5
"1337","OGO","POP",11,3
"1338","OGO","POP",12,3
"1339","OGO","PPB",0,3
"1340","OGO","PPB",1,10
"1341","OGO","PPB",2,11
"1342","OGO","PPB",3,6
"1343","OGO","PPB",4,12
"1344","OGO","PPB",5,7
"1345","OGO","PPB",6,19
"1346","OGO","PPB",7,10
"1347","OGO","PPB",8,11
"1348","OGO","PPB",9,14
"1349","OGO","PPB",10,11
"1350","OGO","PPB",11,15
"1351","OGO","PPB",12,12
"1352","OGO","PPO",0,8
"1353","OGO","PPO",1,17
"1354","OGO","PPO",2,9
"1355","OGO","PPO",3,5
"1356","OGO","PPO",4,9
"1357","OGO","PPO",5,6
"1358","OGO","PPO",6,14
"1359","OGO","PPO",7,1
"1360","OGO","PPO",8,3
"1361","OGO","PPO",10,5
"1362","OGO","PPO",11,11
"1363","OGO","PPO",12,5
"1364","OGO","PPP",1,2
"1365","OGO","PPP",2,2
"1366","OGO","PPP",3,1
"1367","OGO","PPP",7,4
"1368","OGO","PPP",8,1
"1369","OGO","PPP",9,1
"1370","OGO","PPP",10,1
"1371","OGO","PPP",11,1
"1372","OOO","BBB",4,22
"1373","OOO","BBB",5,9
"1374","OOO","BOB",0,1
"1375","OOO","BOB",2,73
"1376","OOO","BOB",3,18
"1377","OOO","BOB",4,18
"1378","OOO","BOB",5,15
"1379","OOO","BOB",6,3
"1380","OOO","BOB",7,5
"1381","OOO","BOB",9,1
"1382","OOO","BOB",11,1
"1383","OOO","GGG",0,2
"1384","OOO","GGG",1,2
"1385","OOO","GGG",2,6
"1386","OOO","GGG",3,5
"1387","OOO","GGG",4,7
"1388","OOO","GGG",6,9
"1389","OOO","GGG",7,1
"1390","OOO","GGG",8,3
"1391","OOO","GGG",9,8
"1392","OOO","GGG",10,2
"1393","OOO","GGG",11,4
"1394","OOO","GGG",12,4
"1395","OOO","GGO",0,10
"1396","OOO","GGO",1,17
"1397","OOO","GGO",2,31
"1398","OOO","GGO",3,22
"1399","OOO","GGO",4,17
"1400","OOO","GGO",5,8
"1401","OOO","GGO",6,22
"1402","OOO","GGO",7,15
"1403","OOO","GGO",8,16
"1404","OOO","GGO",9,24
"1405","OOO","GGO",10,5
"1406","OOO","GGO",11,18
"1407","OOO","GGO",12,18
"1408","OOO","GOO",0,4
"1409","OOO","GOO",1,4
"1410","OOO","GOO",2,11
"1411","OOO","GOO",3,5
"1412","OOO","GOO",4,9
"1413","OOO","GOO",5,3
"1414","OOO","GOO",6,14
"1415","OOO","GOO",7,45
"1416","OOO","GOO",8,4
"1417","OOO","GOO",9,22
"1418","OOO","GOO",10,5
"1419","OOO","GOO",11,7
"1420","OOO","GOO",12,10
"1421","OOO","GOP",0,12
"1422","OOO","GOP",1,8
"1423","OOO","GOP",2,9
"1424","OOO","GOP",3,8
"1425","OOO","GOP",4,9
"1426","OOO","GOP",5,4
"1427","OOO","GOP",6,10
"1428","OOO","GOP",7,3
"1429","OOO","GOP",8,1
"1430","OOO","GOP",9,5
"1431","OOO","GOP",11,7
"1432","OOO","GOP",12,7
"1433","OOO","GPG",0,6
"1434","OOO","GPG",1,14
"1435","OOO","GPG",2,22
"1436","OOO","GPG",3,11
"1437","OOO","GPG",4,12
"1438","OOO","GPG",5,6
"1439","OOO","GPG",8,27
"1440","OOO","GPG",9,14
"1441","OOO","GPG",10,17
"1442","OOO","GPG",11,25
"1443","OOO","GPG",12,17
"1444","OOO","OBB",0,1
"1445","OOO","OBB",1,2
"1446","OOO","OBB",2,1
"1447","OOO","OBB",3,1
"1448","OOO","OBB",4,1
"1449","OOO","OBB",6,1
"1450","OOO","OBB",7,1
"1451","OOO","OBB",8,3
"1452","OOO","OBB",9,1
"1453","OOO","OGO",1,1
"1454","OOO","OGO",2,2
"1455","OOO","OGO",3,2
"1456","OOO","OGO",4,3
"1457","OOO","OGO",5,4
"1458","OOO","OGO",6,2
"1459","OOO","OGO",7,27
"1460","OOO","OGO",8,9
"1461","OOO","OGO",9,8
"1462","OOO","OGO",11,2
"1463","OOO","OGO",12,1
"1464","OOO","OOP",0,8
"1465","OOO","OOP",1,10
"1466","OOO","OOP",2,23
"1467","OOO","OOP",3,16
"1468","OOO","OOP",4,19
"1469","OOO","OOP",5,6
"1470","OOO","OOP",6,22
"1471","OOO","OOP",7,15
"1472","OOO","OOP",8,24
"1473","OOO","OOP",9,9
"1474","OOO","OOP",10,6
"1475","OOO","OOP",11,25
"1476","OOO","OOP",12,13
"1477","OOO","OPP",2,1
"1478","OOO","OPP",12,7
"1479","OOO","PBB",1,1
"1480","OOO","PBB",11,1
"1481","OOO","PBO",1,9
"1482","OOO","PBO",2,8
"1483","OOO","PBO",3,5
"1484","OOO","PBO",4,3
"1485","OOO","PBO",5,2
"1486","OOO","PBO",6,17
"1487","OOO","PBO",7,31
"1488","OOO","PBO",8,6
"1489","OOO","PBO",9,13
"1490","OOO","PBO",10,3
"1491","OOO","PBO",11,7
"1492","OOO","PBO",12,6
"1493","OOO","PGG",0,6
"1494","OOO","PGG",1,2
"1495","OOO","PGG",2,5
"1496","OOO","PGG",3,4
"1497","OOO","PGG",4,6
"1498","OOO","PGG",5,6
"1499","OOO","PGG",6,8
"1500","OOO","PGG",7,8
"1501","OOO","PGG",8,6
"1502","OOO","PGG",9,8
"1503","OOO","PGG",10,3
"1504","OOO","PGG",11,13
"1505","OOO","PGG",12,8
"1506","OOO","POO",1,2
"1507","OOO","POO",2,1
"1508","OOO","POO",3,1
"1509","OOO","POO",4,1
"1510","OOO","POO",6,2
"1511","OOO","POO",7,1
"1512","OOO","POO",8,1
"1513","OOO","POO",9,2
"1514","OOO","POO",10,2
"1515","OOO","POO",12,1
"1516","OOO","POP",2,2
"1517","OOO","POP",4,4
"1518","OOO","POP",7,1
"1519","OOO","PPB",2,1
"1520","OOO","PPB",4,1
"1521","OOO","PPB",7,1
"1522","OOO","PPB",8,2
"1523","OOO","PPB",9,1
"1524","OOO","PPO",0,8
"1525","OOO","PPO",1,7
"1526","OOO","PPO",2,8
"1527","OOO","PPO",3,8
"1528","OOO","PPO",4,11
"1529","OOO","PPO",5,2
"1530","OOO","PPO",6,11
"1531","OOO","PPO",7,14
"1532","OOO","PPO",8,4
"1533","OOO","PPO",9,8
"1534","OOO","PPO",10,4
"1535","OOO","PPO",11,33
"1536","OOO","PPO",12,13
"1537","OOO","PPP",0,6
"1538","OOO","PPP",1,5
"1539","OOO","PPP",2,9
"1540","OOO","PPP",3,8
"1541","OOO","PPP",4,7
"1542","OOO","PPP",5,2
"1543","OOO","PPP",6,5
"1544","OOO","PPP",7,3
"1545","OOO","PPP",8,1
"1546","OOO","PPP",9,3
"1547","OOO","PPP",10,2
"1548","OOO","PPP",11,4
"1549","OOO","PPP",12,4
"1550","OOP","BBB",4,2
"1551","OOP","BBB",6,14
"1552","OOP","BBB",8,1
"1553","OOP","BOB",0,7
"1554","OOP","BOB",1,1
"1555","OOP","BOB",2,2
"1556","OOP","BOB",3,3
"1557","OOP","BOB",5,5
"1558","OOP","BOB",6,7
"1559","OOP","BOB",7,5
"1560","OOP","BOB",9,12
"1561","OOP","BOB",10,8
"1562","OOP","BOB",11,3
"1563","OOP","BOB",12,3
"1564","OOP","GGG",0,4
"1565","OOP","GGG",2,6
"1566","OOP","GGG",3,6
"1567","OOP","GGG",4,1
"1568","OOP","GGG",5,1
"1569","OOP","GGG",8,2
"1570","OOP","GGG",9,3
"1571","OOP","GGG",10,2
"1572","OOP","GGG",11,4
"1573","OOP","GGG",12,10
"1574","OOP","GGO",1,1
"1575","OOP","GGO",6,1
"1576","OOP","GGO",7,1
"1577","OOP","GGO",11,1
"1578","OOP","GOO",0,2
"1579","OOP","GOO",1,5
"1580","OOP","GOO",2,2
"1581","OOP","GOO",3,1
"1582","OOP","GOO",4,9
"1583","OOP","GOO",5,3
"1584","OOP","GOO",6,2
"1585","OOP","GOO",7,5
"1586","OOP","GOO",8,1
"1587","OOP","GOO",9,1
"1588","OOP","GOO",10,3
"1589","OOP","GOO",11,5
"1590","OOP","GOP",0,8
"1591","OOP","GOP",1,3
"1592","OOP","GOP",2,4
"1593","OOP","GOP",3,5
"1594","OOP","GOP",4,7
"1595","OOP","GOP",5,5
"1596","OOP","GOP",6,2
"1597","OOP","GOP",7,10
"1598","OOP","GOP",8,2
"1599","OOP","GOP",9,1
"1600","OOP","GOP",10,6
"1601","OOP","GOP",11,9
"1602","OOP","GOP",12,3
"1603","OOP","GPG",3,1
"1604","OOP","GPG",8,1
"1605","OOP","OBB",0,16
"1606","OOP","OBB",1,9
"1607","OOP","OBB",2,10
"1608","OOP","OBB",3,11
"1609","OOP","OBB",4,6
"1610","OOP","OBB",5,3
"1611","OOP","OBB",6,7
"1612","OOP","OBB",8,4
"1613","OOP","OBB",9,1
"1614","OOP","OBB",10,3
"1615","OOP","OBB",11,9
"1616","OOP","OBB",12,3
"1617","OOP","OGO",0,10
"1618","OOP","OGO",1,3
"1619","OOP","OGO",2,9
"1620","OOP","OGO",3,5
"1621","OOP","OGO",4,11
"1622","OOP","OGO",5,1
"1623","OOP","OGO",6,3
"1624","OOP","OGO",7,3
"1625","OOP","OGO",8,1
"1626","OOP","OGO",9,4
"1627","OOP","OGO",10,3
"1628","OOP","OGO",11,12
"1629","OOP","OGO",12,5
"1630","OOP","OOO",0,1
"1631","OOP","OOO",1,1
"1632","OOP","OOO",4,2
"1633","OOP","OPP",0,3
"1634","OOP","OPP",1,2
"1635","OOP","OPP",3,3
"1636","OOP","OPP",5,1
"1637","OOP","OPP",7,1
"1638","OOP","OPP",12,12
"1639","OOP","PBB",3,1
"1640","OOP","PBB",4,1
"1641","OOP","PBB",12,2
"1642","OOP","PBO",0,5
"1643","OOP","PBO",1,2
"1644","OOP","PBO",2,2
"1645","OOP","PBO",3,5
"1646","OOP","PBO",4,8
"1647","OOP","PBO",5,6
"1648","OOP","PBO",6,4
"1649","OOP","PBO",7,2
"1650","OOP","PBO",8,2
"1651","OOP","PBO",10,1
"1652","OOP","PBO",11,5
"1653","OOP","PBO",12,2
"1654","OOP","PGG",0,3
"1655","OOP","PGG",1,1
"1656","OOP","PGG",2,5
"1657","OOP","PGG",3,3
"1658","OOP","PGG",8,1
"1659","OOP","PGG",9,2
"1660","OOP","PGG",12,1
"1661","OOP","POO",0,7
"1662","OOP","POO",1,8
"1663","OOP","POO",2,7
"1664","OOP","POO",3,3
"1665","OOP","POO",4,2
"1666","OOP","POO",5,1
"1667","OOP","POO",6,8
"1668","OOP","POO",7,1
"1669","OOP","POO",9,1
"1670","OOP","POO",10,1
"1671","OOP","POO",11,2
"1672","OOP","POO",12,1
"1673","OOP","POP",3,1
"1674","OOP","POP",4,1
"1675","OOP","POP",6,2
"1676","OOP","POP",7,1
"1677","OOP","POP",10,2
"1678","OOP","POP",11,3
"1679","OOP","PPB",0,10
"1680","OOP","PPB",1,5
"1681","OOP","PPB",2,5
"1682","OOP","PPB",3,3
"1683","OOP","PPB",4,3
"1684","OOP","PPB",6,9
"1685","OOP","PPO",0,9
"1686","OOP","PPO",1,4
"1687","OOP","PPO",2,3
"1688","OOP","PPO",3,1
"1689","OOP","PPO",4,1
"1690","OOP","PPO",5,1
"1691","OOP","PPO",7,2
"1692","OOP","PPO",9,2
"1693","OOP","PPO",12,2
"1694","OOP","PPP",0,11
"1695","OOP","PPP",1,6
"1696","OOP","PPP",2,4
"1697","OOP","PPP",3,5
"1698","OOP","PPP",4,13
"1699","OOP","PPP",6,2
"1700","OOP","PPP",7,6
"1701","OOP","PPP",9,4
"1702","OOP","PPP",11,9
"1703","OOP","PPP",12,3
"1704","OPP","BBB",4,150
"1705","OPP","BBB",5,149
"1706","OPP","BBB",6,139
"1707","OPP","BBB",7,79
"1708","OPP","BBB",8,135
"1709","OPP","BBB",9,18
"1710","OPP","BBB",12,3
"1711","OPP","BOB",2,1
"1712","OPP","BOB",5,3
"1713","OPP","BOB",8,1
"1714","OPP","BOB",9,1
"1715","OPP","BOB",12,1
"1716","OPP","GGG",0,7
"1717","OPP","GGG",1,2
"1718","OPP","GGG",2,21
"1719","OPP","GGG",3,2
"1720","OPP","GGG",4,8
"1721","OPP","GGG",5,5
"1722","OPP","GGG",6,4
"1723","OPP","GGG",7,4
"1724","OPP","GGG",8,5
"1725","OPP","GGG",9,4
"1726","OPP","GGO",2,2
"1727","OPP","GGO",4,1
"1728","OPP","GGO",7,2
"1729","OPP","GGO",8,11
"1730","OPP","GGO",9,18
"1731","OPP","GOO",0,17
"1732","OPP","GOO",1,7
"1733","OPP","GOO",2,8
"1734","OPP","GOO",3,8
"1735","OPP","GOO",4,2
"1736","OPP","GOO",6,3
"1737","OPP","GOO",7,1
"1738","OPP","GOO",8,3
"1739","OPP","GOO",9,2
"1740","OPP","GOP",0,8
"1741","OPP","GOP",1,11
"1742","OPP","GOP",2,3
"1743","OPP","GOP",3,4
"1744","OPP","GOP",4,8
"1745","OPP","GOP",5,3
"1746","OPP","GOP",6,2
"1747","OPP","GOP",7,3
"1748","OPP","GOP",8,4
"1749","OPP","GOP",9,2
"1750","OPP","GPG",2,1
"1751","OPP","GPG",8,16
"1752","OPP","GPG",9,8
"1753","OPP","GPG",12,2
"1754","OPP","OBB",1,1
"1755","OPP","OBB",3,1
"1756","OPP","OBB",5,2
"1757","OPP","OBB",6,1
"1758","OPP","OOO",0,4
"1759","OPP","OOO",1,11
"1760","OPP","OOO",2,12
"1761","OPP","OOO",3,4
"1762","OPP","OOO",4,5
"1763","OPP","OOO",5,7
"1764","OPP","OOO",6,6
"1765","OPP","OOO",7,6
"1766","OPP","OOO",8,5
"1767","OPP","OOO",9,8
"1768","OPP","OOP",0,1
"1769","OPP","OOP",2,4
"1770","OPP","OOP",3,1
"1771","OPP","OOP",4,10
"1772","OPP","OOP",5,4
"1773","OPP","OOP",6,10
"1774","OPP","OOP",7,7
"1775","OPP","OOP",8,13
"1776","OPP","OOP",9,9
"1777","OPP","OOP",12,2
"1778","OPP","PBB",0,4
"1779","OPP","PBB",1,9
"1780","OPP","PBB",2,16
"1781","OPP","PBB",3,3
"1782","OPP","PBB",4,9
"1783","OPP","PBB",5,12
"1784","OPP","PBB",6,1
"1785","OPP","PBB",7,6
"1786","OPP","PBB",8,3
"1787","OPP","PBB",9,2
"1788","OPP","PBB",12,1
"1789","OPP","PBO",0,11
"1790","OPP","PBO",1,7
"1791","OPP","PBO",2,5
"1792","OPP","PBO",3,7
"1793","OPP","PBO",4,4
"1794","OPP","PBO",5,2
"1795","OPP","PBO",6,2
"1796","OPP","PBO",7,4
"1797","OPP","PBO",8,3
"1798","OPP","PBO",9,5
"1799","OPP","PGG",0,4
"1800","OPP","PGG",1,13
"1801","OPP","PGG",2,29
"1802","OPP","PGG",3,14
"1803","OPP","PGG",4,23
"1804","OPP","PGG",5,12
"1805","OPP","PGG",6,4
"1806","OPP","PGG",7,10
"1807","OPP","PGG",8,8
"1808","OPP","PGG",9,8
"1809","OPP","POO",0,1
"1810","OPP","POO",1,2
"1811","OPP","POO",2,33
"1812","OPP","POO",3,11
"1813","OPP","POO",4,20
"1814","OPP","POO",5,8
"1815","OPP","POO",6,19
"1816","OPP","POO",7,15
"1817","OPP","POO",8,6
"1818","OPP","POO",9,8
"1819","OPP","POP",0,1
"1820","OPP","POP",1,1
"1821","OPP","POP",2,7
"1822","OPP","POP",3,1
"1823","OPP","POP",4,1
"1824","OPP","POP",5,1
"1825","OPP","POP",6,1
"1826","OPP","POP",8,1
"1827","OPP","PPB",0,6
"1828","OPP","PPB",1,7
"1829","OPP","PPB",2,9
"1830","OPP","PPB",3,8
"1831","OPP","PPB",4,12
"1832","OPP","PPB",5,22
"1833","OPP","PPB",6,31
"1834","OPP","PPB",7,21
"1835","OPP","PPB",8,34
"1836","OPP","PPB",9,10
"1837","OPP","PPO",0,2
"1838","OPP","PPO",1,8
"1839","OPP","PPO",2,19
"1840","OPP","PPO",3,1
"1841","OPP","PPO",4,16
"1842","OPP","PPO",5,8
"1843","OPP","PPO",6,8
"1844","OPP","PPO",7,16
"1845","OPP","PPO",8,5
"1846","OPP","PPO",9,6
"1847","OPP","PPP",0,6
"1848","OPP","PPP",1,6
"1849","OPP","PPP",2,7
"1850","OPP","PPP",3,6
"1851","OPP","PPP",4,8
"1852","OPP","PPP",5,4
"1853","OPP","PPP",6,5
"1854","OPP","PPP",7,6
"1855","OPP","PPP",8,1
"1856","OPP","PPP",9,1
"1857","OPP","PPP",12,1
"1858","PBB","BBB",4,31
"1859","PBB","BBB",5,2
"1860","PBB","BBB",7,1
"1861","PBB","BBB",9,1
"1862","PBB","BBB",11,1
"1863","PBB","BOB",0,1
"1864","PBB","BOB",2,19
"1865","PBB","BOB",3,12
"1866","PBB","BOB",4,25
"1867","PBB","BOB",5,3
"1868","PBB","BOB",7,1
"1869","PBB","BOB",11,1
"1870","PBB","BOB",12,1
"1871","PBB","GGG",0,1
"1872","PBB","GGG",1,7
"1873","PBB","GGG",2,11
"1874","PBB","GGG",3,4
"1875","PBB","GGG",4,7
"1876","PBB","GGG",8,3
"1877","PBB","GGG",11,4
"1878","PBB","GGG",12,7
"1879","PBB","GGO",0,15
"1880","PBB","GGO",1,18
"1881","PBB","GGO",2,31
"1882","PBB","GGO",3,13
"1883","PBB","GGO",4,19
"1884","PBB","GGO",5,8
"1885","PBB","GGO",6,4
"1886","PBB","GGO",7,3
"1887","PBB","GGO",8,24
"1888","PBB","GGO",10,4
"1889","PBB","GGO",11,31
"1890","PBB","GGO",12,20
"1891","PBB","GOO",0,5
"1892","PBB","GOO",1,7
"1893","PBB","GOO",2,6
"1894","PBB","GOO",3,5
"1895","PBB","GOO",4,6
"1896","PBB","GOO",5,2
"1897","PBB","GOO",6,1
"1898","PBB","GOO",7,1
"1899","PBB","GOO",8,7
"1900","PBB","GOO",10,1
"1901","PBB","GOO",11,7
"1902","PBB","GOO",12,7
"1903","PBB","GOP",0,8
"1904","PBB","GOP",1,6
"1905","PBB","GOP",2,6
"1906","PBB","GOP",3,14
"1907","PBB","GOP",4,8
"1908","PBB","GOP",5,1
"1909","PBB","GOP",6,1
"1910","PBB","GOP",7,3
"1911","PBB","GOP",8,2
"1912","PBB","GOP",10,1
"1913","PBB","GOP",11,5
"1914","PBB","GOP",12,6
"1915","PBB","GPG",0,10
"1916","PBB","GPG",1,11
"1917","PBB","GPG",2,29
"1918","PBB","GPG",3,7
"1919","PBB","GPG",4,19
"1920","PBB","GPG",5,3
"1921","PBB","GPG",8,24
"1922","PBB","GPG",9,4
"1923","PBB","GPG",10,1
"1924","PBB","GPG",11,14
"1925","PBB","GPG",12,21
"1926","PBB","OBB",2,1
"1927","PBB","OBB",7,1
"1928","PBB","OBB",9,2
"1929","PBB","OGO",0,1
"1930","PBB","OGO",1,1
"1931","PBB","OGO",2,3
"1932","PBB","OGO",4,2
"1933","PBB","OGO",8,1
"1934","PBB","OGO",12,1
"1935","PBB","OOO",2,2
"1936","PBB","OOO",8,1
"1937","PBB","OOO",11,1
"1938","PBB","OOP",0,16
"1939","PBB","OOP",1,21
"1940","PBB","OOP",2,25
"1941","PBB","OOP",3,13
"1942","PBB","OOP",4,24
"1943","PBB","OOP",5,4
"1944","PBB","OOP",6,4
"1945","PBB","OOP",7,4
"1946","PBB","OOP",8,23
"1947","PBB","OOP",9,3
"1948","PBB","OOP",10,4
"1949","PBB","OOP",11,26
"1950","PBB","OOP",12,18
"1951","PBB","OPP",4,2
"1952","PBB","OPP",12,7
"1953","PBB","PBO",0,3
"1954","PBB","PBO",1,5
"1955","PBB","PBO",2,2
"1956","PBB","PBO",3,7
"1957","PBB","PBO",4,1
"1958","PBB","PBO",5,1
"1959","PBB","PBO",7,8
"1960","PBB","PBO",8,5
"1961","PBB","PBO",9,1
"1962","PBB","PBO",11,10
"1963","PBB","PBO",12,8
"1964","PBB","PGG",0,22
"1965","PBB","PGG",1,13
"1966","PBB","PGG",2,14
"1967","PBB","PGG",3,4
"1968","PBB","PGG",4,17
"1969","PBB","PGG",5,4
"1970","PBB","PGG",7,6
"1971","PBB","PGG",8,6
"1972","PBB","PGG",9,1
"1973","PBB","PGG",10,1
"1974","PBB","PGG",11,9
"1975","PBB","PGG",12,10
"1976","PBB","POO",0,1
"1977","PBB","POO",1,1
"1978","PBB","POO",2,4
"1979","PBB","POO",3,2
"1980","PBB","POO",4,1
"1981","PBB","POO",12,1
"1982","PBB","POP",2,3
"1983","PBB","POP",4,3
"1984","PBB","POP",8,1
"1985","PBB","PPB",0,1
"1986","PBB","PPB",2,2
"1987","PBB","PPB",3,2
"1988","PBB","PPB",4,1
"1989","PBB","PPB",9,1
"1990","PBB","PPB",12,1
"1991","PBB","PPO",0,1
"1992","PBB","PPO",1,4
"1993","PBB","PPO",2,8
"1994","PBB","PPO",3,3
"1995","PBB","PPO",4,15
"1996","PBB","PPO",5,4
"1997","PBB","PPO",6,1
"1998","PBB","PPO",7,9
"1999","PBB","PPO",8,3
"2000","PBB","PPO",9,1
"2001","PBB","PPO",10,1
"2002","PBB","PPO",11,11
"2003","PBB","PPO",12,10
"2004","PBB","PPP",0,6
"2005","PBB","PPP",1,3
"2006","PBB","PPP",2,8
"2007","PBB","PPP",3,7
"2008","PBB","PPP",4,11
"2009","PBB","PPP",5,1
"2010","PBB","PPP",6,1
"2011","PBB","PPP",7,1
"2012","PBB","PPP",8,1
"2013","PBB","PPP",9,1
"2014","PBB","PPP",11,5
"2015","PBB","PPP",12,2
"2016","PBO","BBB",4,24
"2017","PBO","BBB",5,9
"2018","PBO","BBB",6,16
"2019","PBO","BBB",7,38
"2020","PBO","BBB",8,19
"2021","PBO","BBB",9,25
"2022","PBO","BBB",10,7
"2023","PBO","BBB",11,24
"2024","PBO","BBB",12,14
"2025","PBO","BOB",2,3
"2026","PBO","BOB",3,2
"2027","PBO","BOB",4,5
"2028","PBO","BOB",5,8
"2029","PBO","BOB",6,6
"2030","PBO","BOB",7,2
"2031","PBO","BOB",9,2
"2032","PBO","BOB",10,1
"2033","PBO","BOB",11,1
"2034","PBO","BOB",12,1
"2035","PBO","GGG",0,2
"2036","PBO","GGG",1,1
"2037","PBO","GGG",2,3
"2038","PBO","GGG",6,2
"2039","PBO","GGG",7,1
"2040","PBO","GGG",8,1
"2041","PBO","GGG",10,2
"2042","PBO","GGG",11,1
"2043","PBO","GGO",2,1
"2044","PBO","GGO",7,1
"2045","PBO","GOO",5,1
"2046","PBO","GOP",0,2
"2047","PBO","GOP",3,3
"2048","PBO","GOP",6,2
"2049","PBO","GOP",11,1
"2050","PBO","GOP",12,2
"2051","PBO","OBB",0,1
"2052","PBO","OBB",1,1
"2053","PBO","OBB",2,5
"2054","PBO","OBB",3,7
"2055","PBO","OBB",4,7
"2056","PBO","OBB",5,1
"2057","PBO","OBB",6,7
"2058","PBO","OBB",7,16
"2059","PBO","OBB",8,8
"2060","PBO","OBB",9,6
"2061","PBO","OBB",10,2
"2062","PBO","OBB",11,4
"2063","PBO","OBB",12,8
"2064","PBO","OGO",2,2
"2065","PBO","OGO",3,2
"2066","PBO","OGO",4,2
"2067","PBO","OGO",5,6
"2068","PBO","OGO",6,4
"2069","PBO","OGO",7,7
"2070","PBO","OGO",8,4
"2071","PBO","OGO",9,13
"2072","PBO","OGO",10,2
"2073","PBO","OGO",11,6
"2074","PBO","OGO",12,6
"2075","PBO","OOO",7,1
"2076","PBO","OOO",11,1
"2077","PBO","OOO",12,1
"2078","PBO","OOP",1,1
"2079","PBO","OOP",2,1
"2080","PBO","OOP",4,3
"2081","PBO","OOP",5,2
"2082","PBO","OPP",6,1
"2083","PBO","OPP",12,5
"2084","PBO","PBB",2,1
"2085","PBO","PBB",7,1
"2086","PBO","PBB",8,1
"2087","PBO","PGG",1,3
"2088","PBO","PGG",2,1
"2089","PBO","PGG",3,4
"2090","PBO","PGG",4,2
"2091","PBO","PGG",5,1
"2092","PBO","PGG",7,3
"2093","PBO","PGG",8,1
"2094","PBO","PGG",10,1
"2095","PBO","PGG",11,2
"2096","PBO","PGG",12,5
"2097","PBO","POO",0,6
"2098","PBO","POO",1,11
"2099","PBO","POO",2,7
"2100","PBO","POO",3,10
"2101","PBO","POO",4,8
"2102","PBO","POO",5,7
"2103","PBO","POO",6,19
"2104","PBO","POO",7,14
"2105","PBO","POO",8,8
"2106","PBO","POO",9,5
"2107","PBO","POO",10,4
"2108","PBO","POO",11,7
"2109","PBO","POO",12,10
"2110","PBO","PPB",0,5
"2111","PBO","PPB",1,6
"2112","PBO","PPB",2,8
"2113","PBO","PPB",3,14
"2114","PBO","PPB",4,3
"2115","PBO","PPB",5,6
"2116","PBO","PPB",6,11
"2117","PBO","PPB",7,28
"2118","PBO","PPB",8,12
"2119","PBO","PPB",9,7
"2120","PBO","PPB",10,8
"2121","PBO","PPB",11,9
"2122","PBO","PPB",12,9
"2123","PBO","PPO",0,1
"2124","PBO","PPO",1,1
"2125","PBO","PPO",2,3
"2126","PBO","PPO",4,1
"2127","PBO","PPO",5,1
"2128","PBO","PPO",7,5
"2129","PBO","PPO",9,1
"2130","PBO","PPO",10,1
"2131","PBO","PPP",0,4
"2132","PBO","PPP",1,3
"2133","PBO","PPP",2,1
"2134","PBO","PPP",3,7
"2135","PBO","PPP",4,3
"2136","PBO","PPP",5,1
"2137","PBO","PPP",6,3
"2138","PBO","PPP",7,2
"2139","PBO","PPP",9,1
"2140","PBO","PPP",12,5
"2141","PGG","BBB",4,38
"2142","PGG","BBB",5,28
"2143","PGG","BBB",6,13
"2144","PGG","BBB",7,2
"2145","PGG","BOB",1,1
"2146","PGG","BOB",2,61
"2147","PGG","BOB",3,29
"2148","PGG","BOB",4,40
"2149","PGG","BOB",5,14
"2150","PGG","BOB",6,33
"2151","PGG","BOB",7,9
"2152","PGG","BOB",8,25
"2153","PGG","BOB",9,27
"2154","PGG","BOB",10,12
"2155","PGG","BOB",11,15
"2156","PGG","BOB",12,5
"2157","PGG","GGG",1,4
"2158","PGG","GGG",2,8
"2159","PGG","GGG",3,2
"2160","PGG","GGG",4,2
"2161","PGG","GGG",5,1
"2162","PGG","GGG",7,1
"2163","PGG","GGG",8,1
"2164","PGG","GGG",12,4
"2165","PGG","GGO",0,1
"2166","PGG","GGO",4,1
"2167","PGG","GGO",6,2
"2168","PGG","GGO",8,2
"2169","PGG","GGO",9,1
"2170","PGG","GOO",0,5
"2171","PGG","GOO",2,1
"2172","PGG","GOO",3,1
"2173","PGG","GOO",6,1
"2174","PGG","GOO",11,1
"2175","PGG","GOP",0,2
"2176","PGG","GOP",3,1
"2177","PGG","GOP",5,1
"2178","PGG","GOP",6,2
"2179","PGG","GOP",7,1
"2180","PGG","GOP",8,1
"2181","PGG","GPG",2,1
"2182","PGG","GPG",9,1
"2183","PGG","GPG",11,1
"2184","PGG","OBB",4,1
"2185","PGG","OBB",11,1
"2186","PGG","OGO",0,2
"2187","PGG","OGO",2,1
"2188","PGG","OGO",3,3
"2189","PGG","OGO",4,1
"2190","PGG","OOO",0,3
"2191","PGG","OOO",3,2
"2192","PGG","OOO",4,1
"2193","PGG","OOO",5,1
"2194","PGG","OOO",7,2
"2195","PGG","OOO",9,1
"2196","PGG","OOP",0,4
"2197","PGG","OOP",1,13
"2198","PGG","OOP",2,24
"2199","PGG","OOP",3,9
"2200","PGG","OOP",4,14
"2201","PGG","OOP",5,4
"2202","PGG","OOP",6,13
"2203","PGG","OOP",7,14
"2204","PGG","OOP",8,3
"2205","PGG","OOP",9,4
"2206","PGG","OOP",10,8
"2207","PGG","OOP",11,15
"2208","PGG","OOP",12,5
"2209","PGG","OPP",0,3
"2210","PGG","OPP",12,70
"2211","PGG","PBB",0,3
"2212","PGG","PBB",6,3
"2213","PGG","PBB",7,2
"2214","PGG","PBB",8,2
"2215","PGG","PBB",9,5
"2216","PGG","PBB",10,3
"2217","PGG","PBB",11,10
"2218","PGG","PBB",12,4
"2219","PGG","PBO",0,4
"2220","PGG","PBO",2,3
"2221","PGG","PBO",6,1
"2222","PGG","POO",10,1
"2223","PGG","POO",11,2
"2224","PGG","POP",0,1
"2225","PGG","POP",1,1
"2226","PGG","POP",8,1
"2227","PGG","PPB",0,1
"2228","PGG","PPB",4,1
"2229","PGG","PPB",10,1
"2230","PGG","PPO",0,9
"2231","PGG","PPO",1,2
"2232","PGG","PPO",2,3
"2233","PGG","PPO",3,1
"2234","PGG","PPO",4,1
"2235","PGG","PPO",5,2
"2236","PGG","PPO",6,1
"2237","PGG","PPO",12,1
"2238","PGG","PPP",0,10
"2239","PGG","PPP",1,3
"2240","PGG","PPP",2,10
"2241","PGG","PPP",3,16
"2242","PGG","PPP",4,12
"2243","PGG","PPP",5,17
"2244","PGG","PPP",6,11
"2245","PGG","PPP",7,2
"2246","PGG","PPP",8,5
"2247","PGG","PPP",9,3
"2248","PGG","PPP",10,9
"2249","PGG","PPP",11,10
"2250","PGG","PPP",12,16
"2251","POO","BBB",4,235
"2252","POO","BBB",5,138
"2253","POO","BBB",6,26
"2254","POO","BBB",7,1
"2255","POO","BOB",0,82
"2256","POO","BOB",1,66
"2257","POO","BOB",2,25
"2258","POO","BOB",3,8
"2259","POO","BOB",4,11
"2260","POO","BOB",5,1
"2261","POO","BOB",7,1
"2262","POO","BOB",8,4
"2263","POO","BOB",11,1
"2264","POO","GGG",0,7
"2265","POO","GGG",1,11
"2266","POO","GGG",2,5
"2267","POO","GGG",3,14
"2268","POO","GGG",4,14
"2269","POO","GGG",5,7
"2270","POO","GGG",6,7
"2271","POO","GGG",7,6
"2272","POO","GGG",8,10
"2273","POO","GGG",9,19
"2274","POO","GGG",10,5
"2275","POO","GGG",11,11
"2276","POO","GGG",12,6
"2277","POO","GGO",0,3
"2278","POO","GGO",3,1
"2279","POO","GGO",5,1
"2280","POO","GGO",8,23
"2281","POO","GGO",9,14
"2282","POO","GGO",10,4
"2283","POO","GOO",5,1
"2284","POO","GOO",6,1
"2285","POO","GOO",12,1
"2286","POO","GOP",0,18
"2287","POO","GOP",1,6
"2288","POO","GOP",2,8
"2289","POO","GOP",3,16
"2290","POO","GOP",4,8
"2291","POO","GOP",5,11
"2292","POO","GOP",6,12
"2293","POO","GOP",7,24
"2294","POO","GOP",8,11
"2295","POO","GOP",9,5
"2296","POO","GOP",10,5
"2297","POO","GOP",11,5
"2298","POO","GOP",12,15
"2299","POO","GPG",0,1
"2300","POO","GPG",1,1
"2301","POO","GPG",4,1
"2302","POO","GPG",8,20
"2303","POO","OBB",0,2
"2304","POO","OBB",1,1
"2305","POO","OBB",2,1
"2306","POO","OBB",5,1
"2307","POO","OBB",9,1
"2308","POO","OBB",12,1
"2309","POO","OGO",0,1
"2310","POO","OGO",1,3
"2311","POO","OGO",7,1
"2312","POO","OGO",8,2
"2313","POO","OGO",9,2
"2314","POO","OGO",10,1
"2315","POO","OOO",0,11
"2316","POO","OOO",1,7
"2317","POO","OOO",2,17
"2318","POO","OOO",3,17
"2319","POO","OOO",4,14
"2320","POO","OOO",5,7
"2321","POO","OOO",6,6
"2322","POO","OOO",7,4
"2323","POO","OOO",8,9
"2324","POO","OOO",9,36
"2325","POO","OOO",10,11
"2326","POO","OOO",11,17
"2327","POO","OOO",12,9
"2328","POO","OOP",0,1
"2329","POO","OOP",1,1
"2330","POO","OOP",2,4
"2331","POO","OOP",3,5
"2332","POO","OOP",4,24
"2333","POO","OOP",5,3
"2334","POO","OOP",6,15
"2335","POO","OOP",7,27
"2336","POO","OOP",8,21
"2337","POO","OOP",9,14
"2338","POO","OOP",10,10
"2339","POO","OOP",11,11
"2340","POO","OOP",12,8
"2341","POO","OPP",0,45
"2342","POO","OPP",1,34
"2343","POO","OPP",3,1
"2344","POO","OPP",4,1
"2345","POO","OPP",8,1
"2346","POO","OPP",12,70
"2347","POO","PBB",0,11
"2348","POO","PBB",1,11
"2349","POO","PBB",2,8
"2350","POO","PBB",3,15
"2351","POO","PBB",4,11
"2352","POO","PBB",5,6
"2353","POO","PBB",6,5
"2354","POO","PBB",7,8
"2355","POO","PBB",8,5
"2356","POO","PBB",9,7
"2357","POO","PBB",10,7
"2358","POO","PBB",11,19
"2359","POO","PBB",12,6
"2360","POO","PBO",4,1
"2361","POO","PBO",5,3
"2362","POO","PBO",11,1
"2363","POO","PGG",0,21
"2364","POO","PGG",1,10
"2365","POO","PGG",2,10
"2366","POO","PGG",3,22
"2367","POO","PGG",4,6
"2368","POO","PGG",5,11
"2369","POO","PGG",6,5
"2370","POO","PGG",7,9
"2371","POO","PGG",8,5
"2372","POO","PGG",9,19
"2373","POO","PGG",10,13
"2374","POO","PGG",11,20
"2375","POO","PGG",12,17
"2376","POO","POP",3,2
"2377","POO","PPB",1,1
"2378","POO","PPB",2,2
"2379","POO","PPB",3,1
"2380","POO","PPB",4,2
"2381","POO","PPB",5,2
"2382","POO","PPB",7,1
"2383","POO","PPB",8,2
"2384","POO","PPB",9,3
"2385","POO","PPO",0,10
"2386","POO","PPO",1,10
"2387","POO","PPO",2,8
"2388","POO","PPO",3,10
"2389","POO","PPO",4,12
"2390","POO","PPO",5,7
"2391","POO","PPO",6,5
"2392","POO","PPO",7,8
"2393","POO","PPO",8,9
"2394","POO","PPO",9,11
"2395","POO","PPO",10,6
"2396","POO","PPO",11,17
"2397","POO","PPO",12,23
"2398","POO","PPP",0,11
"2399","POO","PPP",1,7
"2400","POO","PPP",2,9
"2401","POO","PPP",3,7
"2402","POO","PPP",4,7
"2403","POO","PPP",5,10
"2404","POO","PPP",6,13
"2405","POO","PPP",7,18
"2406","POO","PPP",8,10
"2407","POO","PPP",9,4
"2408","POO","PPP",10,6
"2409","POO","PPP",11,11
"2410","POO","PPP",12,11
"2411","POP","BBB",4,26
"2412","POP","BBB",5,6
"2413","POP","BBB",6,25
"2414","POP","BBB",7,12
"2415","POP","BBB",8,11
"2416","POP","BBB",9,17
"2417","POP","BBB",10,23
"2418","POP","BBB",11,37
"2419","POP","BBB",12,22
"2420","POP","BOB",0,24
"2421","POP","BOB",1,28
"2422","POP","BOB",2,20
"2423","POP","BOB",3,1
"2424","POP","BOB",5,1
"2425","POP","BOB",6,1
"2426","POP","BOB",8,1
"2427","POP","BOB",12,2
"2428","POP","GGG",0,1
"2429","POP","GGG",1,5
"2430","POP","GGG",2,34
"2431","POP","GGG",3,1
"2432","POP","GGG",4,10
"2433","POP","GGG",5,3
"2434","POP","GGG",6,12
"2435","POP","GGG",7,8
"2436","POP","GGG",8,4
"2437","POP","GGG",9,2
"2438","POP","GGG",10,2
"2439","POP","GGG",11,4
"2440","POP","GGG",12,6
"2441","POP","GGO",0,5
"2442","POP","GGO",1,5
"2443","POP","GGO",2,10
"2444","POP","GGO",6,1
"2445","POP","GGO",8,16
"2446","POP","GGO",9,22
"2447","POP","GOO",0,8
"2448","POP","GOO",1,11
"2449","POP","GOO",2,13
"2450","POP","GOO",3,19
"2451","POP","GOO",4,18
"2452","POP","GOO",5,10
"2453","POP","GOO",6,5
"2454","POP","GOO",7,6
"2455","POP","GOO",8,9
"2456","POP","GOO",9,6
"2457","POP","GOO",10,4
"2458","POP","GOO",11,8
"2459","POP","GOO",12,13
"2460","POP","GOP",0,4
"2461","POP","GOP",1,11
"2462","POP","GOP",2,1
"2463","POP","GOP",3,5
"2464","POP","GOP",4,4
"2465","POP","GOP",5,1
"2466","POP","GOP",6,1
"2467","POP","GOP",7,1
"2468","POP","GOP",10,2
"2469","POP","GOP",11,3
"2470","POP","GPG",0,6
"2471","POP","GPG",1,7
"2472","POP","GPG",2,2
"2473","POP","GPG",8,11
"2474","POP","GPG",9,11
"2475","POP","OBB",0,12
"2476","POP","OBB",1,19
"2477","POP","OBB",2,2
"2478","POP","OBB",3,1
"2479","POP","OBB",4,1
"2480","POP","OBB",7,1
"2481","POP","OGO",0,10
"2482","POP","OGO",1,3
"2483","POP","OGO",4,1
"2484","POP","OGO",5,1
"2485","POP","OGO",9,1
"2486","POP","OGO",12,1
"2487","POP","OOO",0,15
"2488","POP","OOO",1,11
"2489","POP","OOO",2,10
"2490","POP","OOO",3,13
"2491","POP","OOO",4,9
"2492","POP","OOO",5,3
"2493","POP","OOO",6,4
"2494","POP","OOO",7,6
"2495","POP","OOO",8,9
"2496","POP","OOO",9,9
"2497","POP","OOO",10,4
"2498","POP","OOO",11,8
"2499","POP","OOO",12,6
"2500","POP","OOP",0,9
"2501","POP","OOP",1,7
"2502","POP","OOP",2,8
"2503","POP","OOP",3,8
"2504","POP","OOP",4,7
"2505","POP","OOP",5,7
"2506","POP","OOP",6,2
"2507","POP","OOP",7,7
"2508","POP","OOP",8,2
"2509","POP","OOP",9,12
"2510","POP","OOP",10,4
"2511","POP","OOP",11,3
"2512","POP","OOP",12,2
"2513","POP","OPP",0,20
"2514","POP","OPP",1,5
"2515","POP","OPP",2,3
"2516","POP","OPP",3,1
"2517","POP","OPP",4,1
"2518","POP","OPP",8,1
"2519","POP","OPP",12,8
"2520","POP","PBB",0,7
"2521","POP","PBB",1,7
"2522","POP","PBB",2,3
"2523","POP","PBB",3,4
"2524","POP","PBB",4,7
"2525","POP","PBB",5,5
"2526","POP","PBB",6,5
"2527","POP","PBB",7,3
"2528","POP","PBB",8,4
"2529","POP","PBB",9,3
"2530","POP","PBB",10,1
"2531","POP","PBB",11,6
"2532","POP","PBB",12,4
"2533","POP","PBO",0,10
"2534","POP","PBO",1,12
"2535","POP","PBO",2,17
"2536","POP","PBO",3,18
"2537","POP","PBO",4,8
"2538","POP","PBO",5,8
"2539","POP","PBO",6,6
"2540","POP","PBO",7,1
"2541","POP","PBO",8,6
"2542","POP","PBO",9,8
"2543","POP","PBO",10,4
"2544","POP","PBO",11,19
"2545","POP","PBO",12,17
"2546","POP","PGG",0,6
"2547","POP","PGG",1,12
"2548","POP","PGG",2,69
"2549","POP","PGG",3,7
"2550","POP","PGG",4,27
"2551","POP","PGG",5,5
"2552","POP","PGG",6,21
"2553","POP","PGG",7,11
"2554","POP","PGG",8,1
"2555","POP","PGG",9,5
"2556","POP","PGG",10,6
"2557","POP","PGG",11,6
"2558","POP","PGG",12,2
"2559","POP","POO",0,40
"2560","POP","POO",1,32
"2561","POP","POO",2,22
"2562","POP","POO",3,22
"2563","POP","POO",4,38
"2564","POP","POO",5,33
"2565","POP","POO",6,28
"2566","POP","POO",7,20
"2567","POP","POO",8,6
"2568","POP","POO",9,13
"2569","POP","POO",10,10
"2570","POP","POO",11,14
"2571","POP","POO",12,6
"2572","POP","PPB",0,49
"2573","POP","PPB",1,31
"2574","POP","PPB",2,50
"2575","POP","PPB",3,23
"2576","POP","PPB",4,32
"2577","POP","PPB",5,104
"2578","POP","PPB",6,72
"2579","POP","PPB",7,55
"2580","POP","PPB",8,80
"2581","POP","PPB",9,24
"2582","POP","PPB",10,41
"2583","POP","PPB",11,36
"2584","POP","PPB",12,20
"2585","POP","PPO",0,2
"2586","POP","PPO",1,5
"2587","POP","PPO",2,62
"2588","POP","PPO",3,5
"2589","POP","PPO",4,18
"2590","POP","PPO",5,3
"2591","POP","PPO",6,22
"2592","POP","PPO",7,15
"2593","POP","PPO",8,4
"2594","POP","PPO",9,5
"2595","POP","PPO",10,7
"2596","POP","PPO",11,13
"2597","POP","PPO",12,4
"2598","POP","PPP",0,10
"2599","POP","PPP",1,3
"2600","POP","PPP",2,10
"2601","POP","PPP",3,2
"2602","POP","PPP",4,4
"2603","POP","PPP",6,4
"2604","POP","PPP",9,3
"2605","POP","PPP",11,1
"2606","POP","PPP",12,2
"2607","PPB","BBB",4,22
"2608","PPB","BBB",5,1
"2609","PPB","BBB",11,1
"2610","PPB","BOB",0,7
"2611","PPB","BOB",1,4
"2612","PPB","BOB",2,1
"2613","PPB","BOB",3,2
"2614","PPB","BOB",4,2
"2615","PPB","BOB",5,3
"2616","PPB","BOB",6,1
"2617","PPB","BOB",7,1
"2618","PPB","BOB",9,1
"2619","PPB","BOB",11,1
"2620","PPB","GGG",0,15
"2621","PPB","GGG",1,9
"2622","PPB","GGG",2,14
"2623","PPB","GGG",3,14
"2624","PPB","GGG",4,7
"2625","PPB","GGG",5,5
"2626","PPB","GGG",6,8
"2627","PPB","GGG",7,9
"2628","PPB","GGG",8,9
"2629","PPB","GGG",9,19
"2630","PPB","GGG",10,7
"2631","PPB","GGG",11,14
"2632","PPB","GGG",12,15
"2633","PPB","GGO",5,1
"2634","PPB","GGO",7,33
"2635","PPB","GGO",8,21
"2636","PPB","GGO",9,26
"2637","PPB","GGO",10,16
"2638","PPB","GGO",11,3
"2639","PPB","GGO",12,4
"2640","PPB","GOO",1,1
"2641","PPB","GOO",2,1
"2642","PPB","GOO",7,2
"2643","PPB","GOO",9,1
"2644","PPB","GOO",11,1
"2645","PPB","GOO",12,1
"2646","PPB","GOP",0,9
"2647","PPB","GOP",1,14
"2648","PPB","GOP",2,6
"2649","PPB","GOP",3,12
"2650","PPB","GOP",4,1
"2651","PPB","GOP",5,8
"2652","PPB","GOP",6,9
"2653","PPB","GOP",7,21
"2654","PPB","GOP",8,12
"2655","PPB","GOP",9,9
"2656","PPB","GOP",10,7
"2657","PPB","GOP",11,7
"2658","PPB","GOP",12,8
"2659","PPB","GPG",3,1
"2660","PPB","GPG",4,1
"2661","PPB","GPG",8,29
"2662","PPB","GPG",9,22
"2663","PPB","GPG",10,1
"2664","PPB","OBB",1,1
"2665","PPB","OBB",9,1
"2666","PPB","OGO",4,1
"2667","PPB","OGO",5,1
"2668","PPB","OGO",10,1
"2669","PPB","OGO",11,1
"2670","PPB","OOO",0,9
"2671","PPB","OOO",1,9
"2672","PPB","OOO",2,22
"2673","PPB","OOO",3,10
"2674","PPB","OOO",4,10
"2675","PPB","OOO",5,8
"2676","PPB","OOO",6,6
"2677","PPB","OOO",7,21
"2678","PPB","OOO",8,5
"2679","PPB","OOO",9,15
"2680","PPB","OOO",10,4
"2681","PPB","OOO",11,18
"2682","PPB","OOO",12,6
"2683","PPB","OOP",1,2
"2684","PPB","OOP",2,6
"2685","PPB","OOP",3,2
"2686","PPB","OOP",4,96
"2687","PPB","OOP",5,31
"2688","PPB","OOP",6,15
"2689","PPB","OOP",7,24
"2690","PPB","OOP",8,17
"2691","PPB","OOP",9,26
"2692","PPB","OOP",10,9
"2693","PPB","OOP",11,11
"2694","PPB","OOP",12,4
"2695","PPB","OPP",0,7
"2696","PPB","OPP",1,4
"2697","PPB","OPP",3,1
"2698","PPB","OPP",8,1
"2699","PPB","OPP",12,16
"2700","PPB","PBB",0,16
"2701","PPB","PBB",1,9
"2702","PPB","PBB",2,20
"2703","PPB","PBB",3,14
"2704","PPB","PBB",4,15
"2705","PPB","PBB",5,3
"2706","PPB","PBB",6,6
"2707","PPB","PBB",7,21
"2708","PPB","PBB",8,13
"2709","PPB","PBB",9,9
"2710","PPB","PBB",10,3
"2711","PPB","PBB",11,30
"2712","PPB","PBB",12,10
"2713","PPB","PBO",7,1
"2714","PPB","PBO",8,1
"2715","PPB","PBO",11,1
"2716","PPB","PBO",12,1
"2717","PPB","PGG",0,16
"2718","PPB","PGG",1,13
"2719","PPB","PGG",2,9
"2720","PPB","PGG",3,18
"2721","PPB","PGG",4,7
"2722","PPB","PGG",5,16
"2723","PPB","PGG",6,7
"2724","PPB","PGG",7,10
"2725","PPB","PGG",8,7
"2726","PPB","PGG",9,15
"2727","PPB","PGG",10,5
"2728","PPB","PGG",11,21
"2729","PPB","PGG",12,13
"2730","PPB","POO",5,3
"2731","PPB","POO",6,6
"2732","PPB","POO",7,9
"2733","PPB","POO",8,1
"2734","PPB","POO",9,8
"2735","PPB","POO",10,2
"2736","PPB","POO",11,4
"2737","PPB","POO",12,2
"2738","PPB","POP",1,1
"2739","PPB","POP",4,1
"2740","PPB","PPO",0,7
"2741","PPB","PPO",1,13
"2742","PPB","PPO",2,17
"2743","PPB","PPO",3,12
"2744","PPB","PPO",4,5
"2745","PPB","PPO",5,10
"2746","PPB","PPO",6,2
"2747","PPB","PPO",7,9
"2748","PPB","PPO",8,8
"2749","PPB","PPO",9,13
"2750","PPB","PPO",10,6
"2751","PPB","PPO",11,10
"2752","PPB","PPO",12,11
"2753","PPB","PPP",0,8
"2754","PPB","PPP",1,5
"2755","PPB","PPP",2,6
"2756","PPB","PPP",3,12
"2757","PPB","PPP",4,3
"2758","PPB","PPP",5,9
"2759","PPB","PPP",6,3
"2760","PPB","PPP",7,10
"2761","PPB","PPP",8,12
"2762","PPB","PPP",9,8
"2763","PPB","PPP",10,3
"2764","PPB","PPP",11,8
"2765","PPB","PPP",12,15
"2766","PPO","BBB",4,11
"2767","PPO","BBB",5,10
"2768","PPO","BBB",6,4
"2769","PPO","BBB",7,1
"2770","PPO","BOB",2,16
"2771","PPO","BOB",3,15
"2772","PPO","BOB",4,24
"2773","PPO","BOB",5,7
"2774","PPO","BOB",6,12
"2775","PPO","BOB",7,16
"2776","PPO","BOB",8,6
"2777","PPO","BOB",9,15
"2778","PPO","BOB",10,9
"2779","PPO","BOB",11,22
"2780","PPO","BOB",12,6
"2781","PPO","GGG",1,1
"2782","PPO","GGG",2,4
"2783","PPO","GGG",3,2
"2784","PPO","GGG",4,3
"2785","PPO","GGG",8,2
"2786","PPO","GGG",12,1
"2787","PPO","GGO",6,1
"2788","PPO","GGO",11,1
"2789","PPO","GOP",5,1
"2790","PPO","GOP",6,1
"2791","PPO","GPG",5,1
"2792","PPO","OBB",1,1
"2793","PPO","OBB",2,1
"2794","PPO","OBB",6,1
"2795","PPO","OGO",5,1
"2796","PPO","OGO",9,1
"2797","PPO","OOO",5,1
"2798","PPO","OOO",7,1
"2799","PPO","OOO",11,1
"2800","PPO","OOP",1,6
"2801","PPO","OOP",2,3
"2802","PPO","OOP",3,7
"2803","PPO","OOP",4,7
"2804","PPO","OOP",5,10
"2805","PPO","OOP",6,5
"2806","PPO","OOP",7,10
"2807","PPO","OOP",8,1
"2808","PPO","OOP",9,3
"2809","PPO","OOP",10,8
"2810","PPO","OOP",11,11
"2811","PPO","OOP",12,7
"2812","PPO","OPP",12,68
"2813","PPO","PBB",7,3
"2814","PPO","PBB",11,5
"2815","PPO","PBB",12,1
"2816","PPO","PBO",1,1
"2817","PPO","PBO",2,1
"2818","PPO","PGG",0,9
"2819","PPO","PGG",1,2
"2820","PPO","PGG",3,1
"2821","PPO","PGG",11,1
"2822","PPO","POO",1,1
"2823","PPO","POO",2,1
"2824","PPO","POP",10,1
"2825","PPO","POP",12,1
"2826","PPO","PPB",5,1
"2827","PPO","PPP",4,1
"2828","PPO","PPP",6,1
"2829","PPO","PPP",10,2
"2830","PPO","PPP",12,3
"2831","PPP","BBB",4,33
"2832","PPP","BBB",5,20
"2833","PPP","BBB",6,8
"2834","PPP","BBB",7,1
"2835","PPP","BBB",11,1
"2836","PPP","BOB",0,4
"2837","PPP","BOB",1,6
"2838","PPP","BOB",2,4
"2839","PPP","BOB",3,5
"2840","PPP","BOB",4,7
"2841","PPP","BOB",5,6
"2842","PPP","BOB",9,3
"2843","PPP","BOB",10,1
"2844","PPP","BOB",11,19
"2845","PPP","BOB",12,10
"2846","PPP","GGG",0,1
"2847","PPP","GGG",1,3
"2848","PPP","GGG",2,6
"2849","PPP","GGG",3,5
"2850","PPP","GGG",4,1
"2851","PPP","GGG",5,3
"2852","PPP","GGG",10,1
"2853","PPP","GGG",11,2
"2854","PPP","GGG",12,2
"2855","PPP","GGO",3,1
"2856","PPP","GGO",7,1
"2857","PPP","GGO",9,1
"2858","PPP","GOO",1,1
"2859","PPP","GOO",3,1
"2860","PPP","GOO",7,1
"2861","PPP","GOP",0,1
"2862","PPP","GOP",1,1
"2863","PPP","GOP",3,2
"2864","PPP","GOP",5,1
"2865","PPP","OBB",0,5
"2866","PPP","OBB",1,13
"2867","PPP","OBB",2,8
"2868","PPP","OBB",3,27
"2869","PPP","OBB",4,6
"2870","PPP","OBB",5,6
"2871","PPP","OBB",6,7
"2872","PPP","OBB",7,6
"2873","PPP","OBB",8,4
"2874","PPP","OBB",10,5
"2875","PPP","OBB",11,18
"2876","PPP","OBB",12,7
"2877","PPP","OGO",0,5
"2878","PPP","OGO",1,9
"2879","PPP","OGO",2,13
"2880","PPP","OGO",3,29
"2881","PPP","OGO",4,4
"2882","PPP","OGO",5,5
"2883","PPP","OGO",6,11
"2884","PPP","OGO",7,7
"2885","PPP","OGO",8,3
"2886","PPP","OGO",10,7
"2887","PPP","OGO",11,24
"2888","PPP","OGO",12,9
"2889","PPP","OOO",11,2
"2890","PPP","OOO",12,2
"2891","PPP","OOP",4,5
"2892","PPP","OPP",0,1
"2893","PPP","OPP",4,1
"2894","PPP","OPP",12,2
"2895","PPP","PBB",12,2
"2896","PPP","PBO",0,2
"2897","PPP","PBO",1,1
"2898","PPP","PBO",3,1
"2899","PPP","PBO",9,1
"2900","PPP","PGG",0,1
"2901","PPP","PGG",1,3
"2902","PPP","PGG",3,2
"2903","PPP","PGG",4,1
"2904","PPP","PGG",5,4
"2905","PPP","PGG",6,1
"2906","PPP","PGG",7,1
"2907","PPP","PGG",8,1
"2908","PPP","PGG",9,2
"2909","PPP","PGG",10,2
"2910","PPP","PGG",11,2
"2911","PPP","PGG",12,2
"2912","PPP","POO",1,1
"2913","PPP","POO",3,1
"2914","PPP","POO",4,1
"2915","PPP","POO",5,1
"2916","PPP","POP",0,9
"2917","PPP","POP",1,2
"2918","PPP","POP",2,1
"2919","PPP","POP",3,19
"2920","PPP","POP",4,12
"2921","PPP","POP",5,7
"2922","PPP","POP",10,3
"2923","PPP","POP",11,11
"2924","PPP","POP",12,7
"2925","PPP","PPB",3,1
"2926","PPP","PPB",7,1
"2927","PPP","PPO",0,2
"2928","PPP","PPO",1,9
"2929","PPP","PPO",2,5
"2930","PPP","PPO",3,6
"2931","PPP","PPO",4,4
"2932","PPP","PPO",5,5
"2933","PPP","PPO",6,4
"2934","PPP","PPO",11,3
"2935","PPP","PPO",12,1
